6f36f194-2006-43eb-8c0f-b9c9b7297274,Smoothie: Banana + Milk + Honey,smoothie_banana_milk_honey,before,30-90 min,30,90,snack,Smoothie,medium,{dairy},Liquid = faster digestion than solid foods. Basic smoothie.,"[{""fat_g"": 0.4, ""carbs_g"": 27, ""food_id"": ""2a376d78-d356-45cc-8619-910d0fe7e02f"", ""calories"": 105, ""fluid_ml"": 88, ""allergens"": [], ""food_name"": ""banana"", ""protein_g"": 1.3, ""sodium_mg"": 1, ""display_name"": ""Banana"", ""max_servings"": 3, ""min_servings"": 0.5, ""serving_size"": ""1 medium"", ""digestion_speed"": ""fast"", ""default_servings"": 1}, {""fat_g"": 0, ""carbs_g"": 17.3, ""food_id"": ""6e86dd85-506c-4157-84a8-4e44b5eeb4d4"", ""calories"": 64, ""fluid_ml"": 4, ""allergens"": [], ""food_name"": ""honey"", ""protein_g"": 0.1, ""sodium_mg"": 1, ""display_name"": ""Honey"", ""max_servings"": 4, ""min_servings"": 1, ""serving_size"": ""1 tbsp"", ""digestion_speed"": ""fast"", ""default_servings"": 1}, {""fat_g"": 8, ""carbs_g"": 12, ""food_id"": ""729254f8-7c67-4814-8d22-c232871d810b"", ""calories"": 149, ""fluid_ml"": 220, ""allergens"": [""dairy""], ""food_name"": ""milk"", ""protein_g"": 8, ""sodium_mg"": 105, ""display_name"": ""Milk (whole)"", ""max_servings"": 2, ""min_servings"": 0.5, ""serving_size"": ""1 cup (8 oz)"", ""digestion_speed"": ""medium"", ""default_servings"": 1}]",56.3,9.4,8.4,107.0,312.0,318,unvalidated,true,74,2026-02-13 14:05:20.766793 +00:00,2026-02-20 17:18:42.054211 +00:00,"{paleo,vegan}","{banana,honey,milk}"
742505d6-22a3-443e-8ad1-76eb4c69d1bf,Smoothie: Banana + PB + Milk,smoothie_banana_pb_milk,before,1.5-3 hours,90,180,full_meal,Smoothie,medium,"{dairy,peanuts}",PB makes it more filling. Higher fat/protein.,"[{""fat_g"": 0.4, ""carbs_g"": 27, ""food_id"": ""2a376d78-d356-45cc-8619-910d0fe7e02f"", ""calories"": 105, ""fluid_ml"": 88, ""allergens"": [], ""food_name"": ""banana"", ""protein_g"": 1.3, ""sodium_mg"": 1, ""display_name"": ""Banana"", ""max_servings"": 3, ""min_servings"": 0.5, ""serving_size"": ""1 medium"", ""digestion_speed"": ""fast"", ""default_servings"": 1}, {""fat_g"": 8.2, ""carbs_g"": 3.6, ""food_id"": ""ca3ef4be-a5a4-4e39-84cb-48a15ddfe413"", ""calories"": 94, ""fluid_ml"": 0, ""allergens"": [""peanuts""], ""food_name"": ""peanut_butter"", ""protein_g"": 3.6, ""sodium_mg"": 73, ""display_name"": ""Peanut Butter"", ""max_servings"": 2, ""min_servings"": 1, ""serving_size"": ""1 tbsp"", ""digestion_speed"": ""slow"", ""default_servings"": 1}, {""fat_g"": 8, ""carbs_g"": 12, ""food_id"": ""729254f8-7c67-4814-8d22-c232871d810b"", ""calories"": 149, ""fluid_ml"": 220, ""allergens"": [""dairy""], ""food_name"": ""milk"", ""protein_g"": 8, ""sodium_mg"": 105, ""display_name"": ""Milk (whole)"", ""max_servings"": 2, ""min_servings"": 0.5, ""serving_size"": ""1 cup (8 oz)"", ""digestion_speed"": ""medium"", ""default_servings"": 1}]",42.6,12.9,16.6,179.0,308.0,348,unvalidated,true,41,2026-02-13 14:05:20.766793 +00:00,2026-02-20 17:18:42.054211 +00:00,"{paleo,vegan}","{banana,peanut_butter,milk}"
4ca31fcb-d73b-47d4-8180-0b9001a633df,Smoothie: Banana + Dates + Milk,smoothie_banana_dates_milk,before,1.5-3 hours,90,180,full_meal,Smoothie,medium,{dairy},Dates add concentrated sweetness and iron.,"[{""fat_g"": 0.4, ""carbs_g"": 27, ""food_id"": ""2a376d78-d356-45cc-8619-910d0fe7e02f"", ""calories"": 105, ""fluid_ml"": 88, ""allergens"": [], ""food_name"": ""banana"", ""protein_g"": 1.3, ""sodium_mg"": 1, ""display_name"": ""Banana"", ""max_servings"": 3, ""min_servings"": 0.5, ""serving_size"": ""1 medium"", ""digestion_speed"": ""fast"", ""default_servings"": 1}, {""fat_g"": 0, ""carbs_g"": 18, ""food_id"": ""88343d31-ca35-4f69-8b33-586a788a8d7f"", ""calories"": 66, ""fluid_ml"": 5, ""allergens"": [], ""food_name"": ""dates"", ""protein_g"": 0.4, ""sodium_mg"": 0, ""display_name"": ""Dates (Medjool)"", ""max_servings"": 4, ""min_servings"": 1, ""serving_size"": ""1 date"", ""digestion_speed"": ""fast"", ""default_servings"": 2}, {""fat_g"": 8, ""carbs_g"": 12, ""food_id"": ""729254f8-7c67-4814-8d22-c232871d810b"", ""calories"": 149, ""fluid_ml"": 220, ""allergens"": [""dairy""], ""food_name"": ""milk"", ""protein_g"": 8, ""sodium_mg"": 105, ""display_name"": ""Milk (whole)"", ""max_servings"": 2, ""min_servings"": 0.5, ""serving_size"": ""1 cup (8 oz)"", ""digestion_speed"": ""medium"", ""default_servings"": 1}]",75.0,10.1,8.4,106.0,318.0,386,unvalidated,true,92,2026-02-13 14:05:20.766793 +00:00,2026-02-20 17:18:42.054211 +00:00,"{paleo,vegan}","{banana,dates,milk}"
e27d09cc-01a6-47e5-8acf-4dbfb349b6be,Smoothie: Banana + Berries + Milk,smoothie_banana_berries_milk,before,30-90 min,30,90,snack,Smoothie,medium,{dairy},Classic fruit smoothie. ~45-50g carbs.,"[{""fat_g"": 0.4, ""carbs_g"": 27, ""food_id"": ""2a376d78-d356-45cc-8619-910d0fe7e02f"", ""calories"": 105, ""fluid_ml"": 88, ""allergens"": [], ""food_name"": ""banana"", ""protein_g"": 1.3, ""sodium_mg"": 1, ""display_name"": ""Banana"", ""max_servings"": 3, ""min_servings"": 0.5, ""serving_size"": ""1 medium"", ""digestion_speed"": ""fast"", ""default_servings"": 1}, {""fat_g"": 0.3, ""carbs_g"": 8.5, ""food_id"": ""05f6647c-646d-434a-8223-67bd51de9b2e"", ""calories"": 35, ""fluid_ml"": 60, ""allergens"": [], ""food_name"": ""mixed_berries"", ""protein_g"": 0.5, ""sodium_mg"": 1, ""display_name"": ""Mixed Berries"", ""max_servings"": 3, ""min_servings"": 0.5, ""serving_size"": ""½ cup"", ""digestion_speed"": ""fast"", ""default_servings"": 1}, {""fat_g"": 8, ""carbs_g"": 12, ""food_id"": ""729254f8-7c67-4814-8d22-c232871d810b"", ""calories"": 149, ""fluid_ml"": 220, ""allergens"": [""dairy""], ""food_name"": ""milk"", ""protein_g"": 8, ""sodium_mg"": 105, ""display_name"": ""Milk (whole)"", ""max_servings"": 2, ""min_servings"": 0.5, ""serving_size"": ""1 cup (8 oz)"", ""digestion_speed"": ""medium"", ""default_servings"": 1}]",47.5,9.8,8.7,107.0,368.0,289,unvalidated,true,10,2026-02-13 14:05:20.766793 +00:00,2026-02-20 17:18:42.054211 +00:00,"{paleo,vegan}","{banana,mixed_berries,milk}"
f2fead29-2504-4992-8b04-b5f48751240e,Smoothie: Banana + Protein Powder + Milk,smoothie_banana_protein_powder_milk,before,1.5-3 hours,90,180,full_meal,Smoothie,slow,{dairy},High protein. Needs 2-3 hours. Check powder allergens.,"[{""fat_g"": 0.4, ""carbs_g"": 27, ""food_id"": ""2a376d78-d356-45cc-8619-910d0fe7e02f"", ""calories"": 105, ""fluid_ml"": 88, ""allergens"": [], ""food_name"": ""banana"", ""protein_g"": 1.3, ""sodium_mg"": 1, ""display_name"": ""Banana"", ""max_servings"": 3, ""min_servings"": 0.5, ""serving_size"": ""1 medium"", ""digestion_speed"": ""fast"", ""default_servings"": 1}, {""fat_g"": 1, ""carbs_g"": 3, ""food_id"": ""a036d9e4-6d90-4c9e-89ea-7b810831387f"", ""calories"": 120, ""fluid_ml"": 0, ""allergens"": [""dairy""], ""food_name"": ""protein_powder"", ""protein_g"": 24, ""sodium_mg"": 130, ""display_name"": ""Protein Powder (whey)"", ""max_servings"": 2, ""min_servings"": 0.5, ""serving_size"": ""1 scoop"", ""digestion_speed"": ""medium"", ""default_servings"": 1}, {""fat_g"": 8, ""carbs_g"": 12, ""food_id"": ""729254f8-7c67-4814-8d22-c232871d810b"", ""calories"": 149, ""fluid_ml"": 220, ""allergens"": [""dairy""], ""food_name"": ""milk"", ""protein_g"": 8, ""sodium_mg"": 105, ""display_name"": ""Milk (whole)"", ""max_servings"": 2, ""min_servings"": 0.5, ""serving_size"": ""1 cup (8 oz)"", ""digestion_speed"": ""medium"", ""default_servings"": 1}]",42.0,33.3,9.4,236.0,308.0,374,unvalidated,true,111,2026-02-13 14:05:20.766793 +00:00,2026-02-20 17:18:42.054211 +00:00,"{paleo,vegan}","{banana,protein_powder,milk}"
21bbc0fe-2d05-4745-8e65-4e119fd7d4b9,Oatmeal + Dates + Honey,oatmeal_dates_honey,before,1.5-3 hours,90,180,full_meal,Oatmeal,medium,{gluten},Very sweet. Dates are calorie-dense.,"[{""fat_g"": 2.5, ""carbs_g"": 27, ""food_id"": ""b954fa74-4de5-4e76-8ab5-966a1b92d1cb"", ""calories"": 150, ""fluid_ml"": 200, ""allergens"": [], ""food_name"": ""oats_dry"", ""protein_g"": 5, ""sodium_mg"": 0, ""display_name"": ""Oatmeal (½ cup dry)"", ""max_servings"": 4, ""min_servings"": 0.5, ""serving_size"": ""½ cup dry (~40g)"", ""digestion_speed"": ""medium"", ""default_servings"": 1}, {""fat_g"": 0, ""carbs_g"": 18, ""food_id"": ""88343d31-ca35-4f69-8b33-586a788a8d7f"", ""calories"": 66, ""fluid_ml"": 5, ""allergens"": [], ""food_name"": ""dates"", ""protein_g"": 0.4, ""sodium_mg"": 0, ""display_name"": ""Dates (Medjool)"", ""max_servings"": 4, ""min_servings"": 1, ""serving_size"": ""1 date"", ""digestion_speed"": ""fast"", ""default_servings"": 2}, {""fat_g"": 0, ""carbs_g"": 17.3, ""food_id"": ""6e86dd85-506c-4157-84a8-4e44b5eeb4d4"", ""calories"": 64, ""fluid_ml"": 4, ""allergens"": [], ""food_name"": ""honey"", ""protein_g"": 0.1, ""sodium_mg"": 1, ""display_name"": ""Honey"", ""max_servings"": 4, ""min_servings"": 0.17, ""serving_size"": ""1 tbsp"", ""digestion_speed"": ""fast"", ""default_servings"": 0.33}]",68.7,5.8,2.5,0.3,211.3,303,unvalidated,true,63,2026-02-13 14:05:20.766793 +00:00,2026-02-20 17:11:55.441640 +00:00,"{keto,low_carb}","{oats_dry,dates,honey}"
2b2fd6a0-c176-48c2-8051-748ea7ac763f,Oatmeal + Raisins,oatmeal_raisins,before,1.5-3 hours,90,180,full_meal,Oatmeal,medium,{gluten},Raisins are calorie-dense. Natural sweetener.,"[{""fat_g"": 2.5, ""carbs_g"": 27, ""food_id"": ""b954fa74-4de5-4e76-8ab5-966a1b92d1cb"", ""calories"": 150, ""fluid_ml"": 200, ""allergens"": [], ""food_name"": ""oats_dry"", ""protein_g"": 5, ""sodium_mg"": 0, ""display_name"": ""Oatmeal (½ cup dry)"", ""max_servings"": 4, ""min_servings"": 0.5, ""serving_size"": ""½ cup dry (~40g)"", ""digestion_speed"": ""medium"", ""default_servings"": 1}, {""fat_g"": 0.1, ""carbs_g"": 14.3, ""food_id"": ""57a543db-bdd5-419e-8669-ed2ebad9910e"", ""calories"": 54, ""fluid_ml"": 3, ""allergens"": [], ""food_name"": ""raisins"", ""protein_g"": 0.5, ""sodium_mg"": 2, ""display_name"": ""Raisins"", ""max_servings"": 3, ""min_servings"": 1, ""serving_size"": ""2 tbsp (~18g)"", ""digestion_speed"": ""fast"", ""default_servings"": 1}]",41.3,5.5,2.6,2.0,203.0,204,unvalidated,true,50,2026-02-13 14:05:20.766793 +00:00,2026-02-20 17:11:55.441640 +00:00,"{keto,low_carb}","{oats_dry,raisins}"
855aedbd-a971-466d-8919-b98f152ba00a,Grapes (alone),grapes_alone,before,< 30 min,0,30,top_up,Fruit-Forward,fast,{},~27g carbs. Easy on stomach. Frozen grapes popular in summer.,"[{""fat_g"": 0.2, ""carbs_g"": 27.3, ""food_id"": ""eb425994-943f-4fd1-8695-a475535b6131"", ""calories"": 104, ""fluid_ml"": 122, ""allergens"": [], ""food_name"": ""grapes"", ""protein_g"": 1.1, ""sodium_mg"": 3, ""display_name"": ""Grapes"", ""max_servings"": 3, ""min_servings"": 0.5, ""serving_size"": ""1 cup (~30 grapes)"", ""digestion_speed"": ""fast"", ""default_servings"": 1}]",27.3,1.1,0.2,3.0,122.0,104,unvalidated,true,9,2026-02-13 14:05:20.766793 +00:00,2026-02-20 17:11:55.441640 +00:00,{},{grapes}
83460ebc-e110-4698-801a-ac89ce465dd7,Oatmeal + Blueberries,oatmeal_blueberries,before,1.5-3 hours,90,180,full_meal,Oatmeal,medium,{gluten},Antioxidant-rich. Lower sugar than banana version.,"[{""fat_g"": 2.5, ""carbs_g"": 27, ""food_id"": ""b954fa74-4de5-4e76-8ab5-966a1b92d1cb"", ""calories"": 150, ""fluid_ml"": 200, ""allergens"": [], ""food_name"": ""oats_dry"", ""protein_g"": 5, ""sodium_mg"": 0, ""display_name"": ""Oatmeal (½ cup dry)"", ""max_servings"": 4, ""min_servings"": 0.5, ""serving_size"": ""½ cup dry (~40g)"", ""digestion_speed"": ""medium"", ""default_servings"": 1}, {""fat_g"": 0.2, ""carbs_g"": 10.7, ""food_id"": ""43b179ca-f1fc-488d-819f-a36b02b00709"", ""calories"": 42, ""fluid_ml"": 62, ""allergens"": [], ""food_name"": ""blueberries"", ""protein_g"": 0.6, ""sodium_mg"": 1, ""display_name"": ""Blueberries"", ""max_servings"": 3, ""min_servings"": 0.5, ""serving_size"": ""½ cup"", ""digestion_speed"": ""fast"", ""default_servings"": 1}]",37.7,5.6,2.7,1.0,262.0,192,unvalidated,true,107,2026-02-13 14:05:20.766793 +00:00,2026-02-20 17:11:55.441640 +00:00,"{keto,low_carb}","{oats_dry,blueberries}"
bf7ee227-3ad6-4429-88e2-1e55d43afa84,Oatmeal + Raisins + Brown Sugar,oatmeal_raisins_brown_sugar,before,1.5-3 hours,90,180,full_meal,Oatmeal,medium,{gluten},Classic instant oatmeal flavor profile.,"[{""fat_g"": 2.5, ""carbs_g"": 27, ""food_id"": ""b954fa74-4de5-4e76-8ab5-966a1b92d1cb"", ""calories"": 150, ""fluid_ml"": 200, ""allergens"": [], ""food_name"": ""oats_dry"", ""protein_g"": 5, ""sodium_mg"": 0, ""display_name"": ""Oatmeal (½ cup dry)"", ""max_servings"": 4, ""min_servings"": 0.5, ""serving_size"": ""½ cup dry (~40g)"", ""digestion_speed"": ""medium"", ""default_servings"": 1}, {""fat_g"": 0.1, ""carbs_g"": 14.3, ""food_id"": ""57a543db-bdd5-419e-8669-ed2ebad9910e"", ""calories"": 54, ""fluid_ml"": 3, ""allergens"": [], ""food_name"": ""raisins"", ""protein_g"": 0.5, ""sodium_mg"": 2, ""display_name"": ""Raisins"", ""max_servings"": 3, ""min_servings"": 1, ""serving_size"": ""2 tbsp (~18g)"", ""digestion_speed"": ""fast"", ""default_servings"": 1}, {""fat_g"": 0, ""carbs_g"": 12.4, ""food_id"": ""021071dd-3100-4ee3-81d7-7733e120637a"", ""calories"": 48, ""fluid_ml"": 0, ""allergens"": [], ""food_name"": ""brown_sugar"", ""protein_g"": 0, ""sodium_mg"": 3, ""display_name"": ""Brown Sugar"", ""max_servings"": 2, ""min_servings"": 1, ""serving_size"": ""1 tbsp"", ""digestion_speed"": ""fast"", ""default_servings"": 1}]",53.7,5.5,2.6,5.0,203.0,252,unvalidated,true,27,2026-02-13 14:05:20.766793 +00:00,2026-02-20 17:11:55.441640 +00:00,"{keto,low_carb}","{oats_dry,raisins,brown_sugar}"
79e20396-b56c-4317-87f2-9389fb87edec,Granola Bar + Sports Drink,granola_bar_sports_drink,before,30-90 min,30,90,snack,Quick Grab,medium,{gluten},Zero prep. Good travel/race option.,"[{""fat_g"": 7, ""carbs_g"": 29, ""food_id"": ""38de203a-f3ee-4515-82d7-148a97cfc08b"", ""calories"": 190, ""fluid_ml"": 0, ""allergens"": [""gluten""], ""food_name"": ""granola_bar"", ""protein_g"": 3, ""sodium_mg"": 105, ""display_name"": ""Granola Bar"", ""max_servings"": 3, ""min_servings"": 0.5, ""serving_size"": ""1 bar"", ""digestion_speed"": ""medium"", ""default_servings"": 1}]",29.0,3.0,7.0,105.0,0.0,190,unvalidated,true,22,2026-02-13 14:05:20.766793 +00:00,2026-02-20 17:11:55.441640 +00:00,"{keto,low_carb,paleo}",{granola_bar}
dbf8b6b0-be0f-4760-8322-087a23cebef4,Oatmeal + Peaches,oatmeal_peaches,before,1.5-3 hours,90,180,full_meal,Oatmeal,medium,{gluten},Canned peaches in juice work great and add extra sugar.,"[{""fat_g"": 2.5, ""carbs_g"": 27, ""food_id"": ""b954fa74-4de5-4e76-8ab5-966a1b92d1cb"", ""calories"": 150, ""fluid_ml"": 200, ""allergens"": [], ""food_name"": ""oats_dry"", ""protein_g"": 5, ""sodium_mg"": 0, ""display_name"": ""Oatmeal (½ cup dry)"", ""max_servings"": 4, ""min_servings"": 0.5, ""serving_size"": ""½ cup dry (~40g)"", ""digestion_speed"": ""medium"", ""default_servings"": 1}, {""fat_g"": 0.2, ""carbs_g"": 7.4, ""food_id"": ""815d728a-407b-4f4d-86ac-1fca50cdcf46"", ""calories"": 30, ""fluid_ml"": 66, ""allergens"": [], ""food_name"": ""peaches"", ""protein_g"": 0.7, ""sodium_mg"": 0, ""display_name"": ""Peaches (sliced)"", ""max_servings"": 2, ""min_servings"": 0.5, ""serving_size"": ""½ cup sliced"", ""digestion_speed"": ""fast"", ""default_servings"": 1}]",34.4,5.7,2.7,0.0,266.0,180,unvalidated,true,65,2026-02-13 14:05:20.766793 +00:00,2026-02-20 17:11:55.441640 +00:00,"{keto,low_carb}","{oats_dry,peaches}"
e8eb31cf-b234-4b22-8a9b-b0635fb0ed2b,Oatmeal + Blueberries + Honey,oatmeal_blueberries_honey,before,1.5-3 hours,90,180,full_meal,Oatmeal,medium,{gluten},Honey compensates for lower sugar in blueberries.,"[{""fat_g"": 2.5, ""carbs_g"": 27, ""food_id"": ""b954fa74-4de5-4e76-8ab5-966a1b92d1cb"", ""calories"": 150, ""fluid_ml"": 200, ""allergens"": [], ""food_name"": ""oats_dry"", ""protein_g"": 5, ""sodium_mg"": 0, ""display_name"": ""Oatmeal (½ cup dry)"", ""max_servings"": 4, ""min_servings"": 0.5, ""serving_size"": ""½ cup dry (~40g)"", ""digestion_speed"": ""medium"", ""default_servings"": 1}, {""fat_g"": 0.2, ""carbs_g"": 10.7, ""food_id"": ""43b179ca-f1fc-488d-819f-a36b02b00709"", ""calories"": 42, ""fluid_ml"": 62, ""allergens"": [], ""food_name"": ""blueberries"", ""protein_g"": 0.6, ""sodium_mg"": 1, ""display_name"": ""Blueberries"", ""max_servings"": 3, ""min_servings"": 0.5, ""serving_size"": ""½ cup"", ""digestion_speed"": ""fast"", ""default_servings"": 1}, {""fat_g"": 0, ""carbs_g"": 17.3, ""food_id"": ""6e86dd85-506c-4157-84a8-4e44b5eeb4d4"", ""calories"": 64, ""fluid_ml"": 4, ""allergens"": [], ""food_name"": ""honey"", ""protein_g"": 0.1, ""sodium_mg"": 1, ""display_name"": ""Honey"", ""max_servings"": 4, ""min_servings"": 1, ""serving_size"": ""1 tbsp"", ""digestion_speed"": ""fast"", ""default_servings"": 1}]",55.0,5.7,2.7,2.0,266.0,256,unvalidated,true,40,2026-02-13 14:05:20.766793 +00:00,2026-02-20 17:11:55.441640 +00:00,"{keto,low_carb}","{oats_dry,blueberries,honey}"
f3be2580-3521-478b-8a7d-d7c9e675a821,Oatmeal + Banana + Almond Butter,oatmeal_banana_almond_butter,before,1.5-3 hours,90,180,full_meal,Oatmeal,slow,"{tree_nuts,gluten}",Tree nut alternative to PB oatmeal.,"[{""fat_g"": 2.5, ""carbs_g"": 27, ""food_id"": ""b954fa74-4de5-4e76-8ab5-966a1b92d1cb"", ""calories"": 150, ""fluid_ml"": 200, ""allergens"": [], ""food_name"": ""oats_dry"", ""protein_g"": 5, ""sodium_mg"": 0, ""display_name"": ""Oatmeal (½ cup dry)"", ""max_servings"": 4, ""min_servings"": 0.5, ""serving_size"": ""½ cup dry (~40g)"", ""digestion_speed"": ""medium"", ""default_servings"": 1}, {""fat_g"": 0.4, ""carbs_g"": 27, ""food_id"": ""2a376d78-d356-45cc-8619-910d0fe7e02f"", ""calories"": 105, ""fluid_ml"": 88, ""allergens"": [], ""food_name"": ""banana"", ""protein_g"": 1.3, ""sodium_mg"": 1, ""display_name"": ""Banana"", ""max_servings"": 3, ""min_servings"": 0.5, ""serving_size"": ""1 medium"", ""digestion_speed"": ""fast"", ""default_servings"": 1}, {""fat_g"": 9, ""carbs_g"": 3, ""food_id"": ""b9af7791-a7b3-4ab3-815d-aac2acfbf34f"", ""calories"": 98, ""fluid_ml"": 0, ""allergens"": [""tree_nuts""], ""food_name"": ""almond_butter"", ""protein_g"": 3.4, ""sodium_mg"": 36, ""display_name"": ""Almond Butter"", ""max_servings"": 2, ""min_servings"": 1, ""serving_size"": ""1 tbsp"", ""digestion_speed"": ""slow"", ""default_servings"": 1}]",57.0,9.7,11.9,37.0,288.0,353,unvalidated,true,28,2026-02-13 14:05:20.766793 +00:00,2026-02-20 17:11:55.441640 +00:00,"{keto,low_carb}","{oats_dry,banana,almond_butter}"
1133a32d-b080-4427-8ee5-552a81e7277b,Bagel + Butter + Honey,bagel_butter_honey,before,1.5-3 hours,90,180,full_meal,Bagel,medium,"{dairy,gluten}",Lower fat than PB versions. Faster to digest.,"[{""fat_g"": 1.5, ""carbs_g"": 53, ""food_id"": ""09deaae5-a7da-484c-87fe-55f387d619c6"", ""calories"": 275, ""fluid_ml"": 0, ""allergens"": [""gluten""], ""food_name"": ""bagel"", ""protein_g"": 11, ""sodium_mg"": 462, ""display_name"": ""Bagel (large)"", ""max_servings"": 2, ""min_servings"": 0.5, ""serving_size"": ""1 large"", ""digestion_speed"": ""medium"", ""default_servings"": 1}, {""fat_g"": 4, ""carbs_g"": 0, ""food_id"": ""6d035c90-735c-45a6-844a-e40105bcb8bf"", ""calories"": 36, ""fluid_ml"": 0, ""allergens"": [""dairy""], ""food_name"": ""butter"", ""protein_g"": 0, ""sodium_mg"": 32, ""display_name"": ""Butter"", ""max_servings"": 2, ""min_servings"": 0.5, ""serving_size"": ""1 tsp"", ""digestion_speed"": ""slow"", ""default_servings"": 1}, {""fat_g"": 0, ""carbs_g"": 17.3, ""food_id"": ""6e86dd85-506c-4157-84a8-4e44b5eeb4d4"", ""calories"": 64, ""fluid_ml"": 4, ""allergens"": [], ""food_name"": ""honey"", ""protein_g"": 0.1, ""sodium_mg"": 1, ""display_name"": ""Honey"", ""max_servings"": 4, ""min_servings"": 1, ""serving_size"": ""1 tbsp"", ""digestion_speed"": ""fast"", ""default_servings"": 1}]",70.3,11.1,5.5,495.0,4.0,375,unvalidated,true,109,2026-02-13 14:05:20.766793 +00:00,2026-02-20 17:11:55.441640 +00:00,"{keto,low_carb,paleo,vegan}","{bagel,butter,honey}"
0fb29310-5903-4041-83af-6dcc117680f3,Oatmeal + Banana,oatmeal_banana,before,1.5-3 hours,90,180,full_meal,Oatmeal,medium,{gluten},Core oatmeal formula. Banana adds sweetness + fast carbs.,"[{""fat_g"": 2.5, ""carbs_g"": 27, ""food_id"": ""b954fa74-4de5-4e76-8ab5-966a1b92d1cb"", ""calories"": 150, ""fluid_ml"": 200, ""allergens"": [], ""food_name"": ""oats_dry"", ""protein_g"": 5, ""sodium_mg"": 0, ""display_name"": ""Oatmeal (½ cup dry)"", ""max_servings"": 4, ""min_servings"": 0.5, ""serving_size"": ""½ cup dry (~40g)"", ""digestion_speed"": ""medium"", ""default_servings"": 1}, {""fat_g"": 0.4, ""carbs_g"": 27, ""food_id"": ""2a376d78-d356-45cc-8619-910d0fe7e02f"", ""calories"": 105, ""fluid_ml"": 88, ""allergens"": [], ""food_name"": ""banana"", ""protein_g"": 1.3, ""sodium_mg"": 1, ""display_name"": ""Banana"", ""max_servings"": 3, ""min_servings"": 0.5, ""serving_size"": ""1 medium"", ""digestion_speed"": ""fast"", ""default_servings"": 1}]",54.0,6.3,2.9,1.0,288.0,255,unvalidated,true,94,2026-02-13 14:05:20.766793 +00:00,2026-02-20 17:11:55.441640 +00:00,"{keto,low_carb}","{oats_dry,banana}"
20b82e00-c7d5-4950-8f00-105a9de2ac3b,Yogurt + Mixed Berries + Honey,yogurt_mixed_berries_honey,before,1.5-3 hours,90,180,full_meal,Yogurt,medium,{dairy},Honey bumps up the carbs.,"[{""fat_g"": 4.7, ""carbs_g"": 17.4, ""food_id"": ""67f7093b-b0ff-4faa-81c5-d474c52818a2"", ""calories"": 149, ""fluid_ml"": 200, ""allergens"": [""dairy""], ""food_name"": ""yogurt"", ""protein_g"": 8.5, ""sodium_mg"": 172, ""display_name"": ""Yogurt (plain)"", ""max_servings"": 2, ""min_servings"": 0.5, ""serving_size"": ""1 cup"", ""digestion_speed"": ""medium"", ""default_servings"": 1}, {""fat_g"": 0.3, ""carbs_g"": 8.5, ""food_id"": ""05f6647c-646d-434a-8223-67bd51de9b2e"", ""calories"": 35, ""fluid_ml"": 60, ""allergens"": [], ""food_name"": ""mixed_berries"", ""protein_g"": 0.5, ""sodium_mg"": 1, ""display_name"": ""Mixed Berries"", ""max_servings"": 3, ""min_servings"": 0.5, ""serving_size"": ""½ cup"", ""digestion_speed"": ""fast"", ""default_servings"": 1}, {""fat_g"": 0, ""carbs_g"": 17.3, ""food_id"": ""6e86dd85-506c-4157-84a8-4e44b5eeb4d4"", ""calories"": 64, ""fluid_ml"": 4, ""allergens"": [], ""food_name"": ""honey"", ""protein_g"": 0.1, ""sodium_mg"": 1, ""display_name"": ""Honey"", ""max_servings"": 4, ""min_servings"": 1, ""serving_size"": ""1 tbsp"", ""digestion_speed"": ""fast"", ""default_servings"": 1}]",43.2,9.1,5.0,174.0,264.0,248,unvalidated,true,60,2026-02-13 14:05:20.766793 +00:00,2026-02-20 17:11:55.441640 +00:00,"{paleo,vegan}","{yogurt,mixed_berries,honey}"
285ee3f5-fba3-43e7-8123-4e2a0fd60fc6,Yogurt + Cereal,yogurt_cereal,before,1.5-3 hours,90,180,full_meal,Yogurt,medium,"{dairy,gluten}",Cereal as granola substitute. Crunchier texture.,"[{""fat_g"": 4.7, ""carbs_g"": 17.4, ""food_id"": ""67f7093b-b0ff-4faa-81c5-d474c52818a2"", ""calories"": 149, ""fluid_ml"": 200, ""allergens"": [""dairy""], ""food_name"": ""yogurt"", ""protein_g"": 8.5, ""sodium_mg"": 172, ""display_name"": ""Yogurt (plain)"", ""max_servings"": 2, ""min_servings"": 0.5, ""serving_size"": ""1 cup"", ""digestion_speed"": ""medium"", ""default_servings"": 1}, {""fat_g"": 0, ""carbs_g"": 24, ""food_id"": ""0f611e49-da7a-4e97-880f-bdf7ab3d09ef"", ""calories"": 100, ""fluid_ml"": 0, ""allergens"": [""gluten""], ""food_name"": ""cereal"", ""protein_g"": 2, ""sodium_mg"": 200, ""display_name"": ""Cereal (low-fiber type)"", ""max_servings"": 1, ""min_servings"": 0.25, ""serving_size"": ""1 cup"", ""digestion_speed"": ""fast"", ""default_servings"": 0.5}]",29.4,9.5,4.7,272.0,200.0,199,unvalidated,true,62,2026-02-13 14:05:20.766793 +00:00,2026-02-20 17:11:55.441640 +00:00,"{keto,low_carb,paleo,vegan}","{yogurt,cereal}"
1e9e6f1b-666a-4ff6-8eb1-b1d00a936a37,Waffles + Syrup + Berries,waffles_syrup_berries,before,1.5-3 hours,90,180,full_meal,Pancake / Waffle,medium,"{dairy,eggs,gluten}",Berries add color and vitamins without much bulk.,"[{""fat_g"": 3, ""carbs_g"": 15.4, ""food_id"": ""65eb3b87-fbe8-4ab6-80ce-0018f3121807"", ""calories"": 95, ""fluid_ml"": 10, ""allergens"": [""gluten"", ""eggs"", ""dairy""], ""food_name"": ""toaster_waffle"", ""protein_g"": 2, ""sodium_mg"": 212, ""display_name"": ""Toaster Waffle"", ""max_servings"": 4, ""min_servings"": 1, ""serving_size"": ""1 waffle"", ""digestion_speed"": ""medium"", ""default_servings"": 2}, {""fat_g"": 0, ""carbs_g"": 13.4, ""food_id"": ""12c892e0-f6e8-47d3-83b4-32e89b7da4c2"", ""calories"": 52, ""fluid_ml"": 5, ""allergens"": [], ""food_name"": ""maple_syrup"", ""protein_g"": 0, ""sodium_mg"": 2, ""display_name"": ""Maple Syrup"", ""max_servings"": 4, ""min_servings"": 2, ""serving_size"": ""1 tbsp"", ""digestion_speed"": ""fast"", ""default_servings"": 2}, {""fat_g"": 0.3, ""carbs_g"": 8.5, ""food_id"": ""05f6647c-646d-434a-8223-67bd51de9b2e"", ""calories"": 35, ""fluid_ml"": 60, ""allergens"": [], ""food_name"": ""mixed_berries"", ""protein_g"": 0.5, ""sodium_mg"": 1, ""display_name"": ""Mixed Berries"", ""max_servings"": 3, ""min_servings"": 0.5, ""serving_size"": ""½ cup"", ""digestion_speed"": ""fast"", ""default_servings"": 1}]",66.1,4.5,6.3,429.0,90.0,329,unvalidated,true,11,2026-02-13 14:05:20.766793 +00:00,2026-02-20 17:11:55.441640 +00:00,"{keto,low_carb,paleo,vegan}","{toaster_waffle,maple_syrup,mixed_berries}"
2900f926-ea3b-4cb6-8a15-0f4a13018507,Energy Gel + Water,energy_gel_water,before,< 30 min,0,30,top_up,Quick Grab,fast,{},The fastest option. MUST take with water to avoid GI distress.,"[{""fat_g"": 0, ""carbs_g"": 25, ""food_id"": ""27f5af16-acbe-4a88-876f-aec17fd12b7c"", ""calories"": 100, ""fluid_ml"": 20, ""allergens"": [], ""food_name"": ""energy_gel"", ""protein_g"": 0, ""sodium_mg"": 55, ""display_name"": ""Energy Gel"", ""max_servings"": 2, ""min_servings"": 0.5, ""serving_size"": ""1 packet"", ""digestion_speed"": ""fast"", ""default_servings"": 1}]",25.0,0.0,0.0,55.0,20.0,100,unvalidated,true,39,2026-02-13 14:05:20.766793 +00:00,2026-02-20 17:11:55.441640 +00:00,{},{energy_gel}
1ecd74c3-133f-4121-8766-d9b6d488f0f2,Pancakes + Banana + Honey,pancakes_banana_honey,before,1.5-3 hours,90,180,full_meal,Pancake / Waffle,medium,"{dairy,eggs,gluten}",Honey as syrup substitute.,"[{""fat_g"": 7, ""carbs_g"": 22, ""food_id"": ""c4ef7542-abfc-41bd-8788-c4c82f3d997d"", ""calories"": 175, ""fluid_ml"": 40, ""allergens"": [""gluten"", ""eggs"", ""dairy""], ""food_name"": ""pancake"", ""protein_g"": 5, ""sodium_mg"": 226, ""display_name"": ""Pancake (medium 6\"")"", ""max_servings"": 4, ""min_servings"": 1, ""serving_size"": ""1 medium"", ""digestion_speed"": ""medium"", ""default_servings"": 2}, {""fat_g"": 0.4, ""carbs_g"": 27, ""food_id"": ""2a376d78-d356-45cc-8619-910d0fe7e02f"", ""calories"": 105, ""fluid_ml"": 88, ""allergens"": [], ""food_name"": ""banana"", ""protein_g"": 1.3, ""sodium_mg"": 1, ""display_name"": ""Banana"", ""max_servings"": 3, ""min_servings"": 0.5, ""serving_size"": ""1 medium"", ""digestion_speed"": ""fast"", ""default_servings"": 1}, {""fat_g"": 0, ""carbs_g"": 17.3, ""food_id"": ""6e86dd85-506c-4157-84a8-4e44b5eeb4d4"", ""calories"": 64, ""fluid_ml"": 4, ""allergens"": [], ""food_name"": ""honey"", ""protein_g"": 0.1, ""sodium_mg"": 1, ""display_name"": ""Honey"", ""max_servings"": 4, ""min_servings"": 1, ""serving_size"": ""1 tbsp"", ""digestion_speed"": ""fast"", ""default_servings"": 1}]",88.3,11.4,14.4,454.0,172.0,519,unvalidated,true,77,2026-02-13 14:05:20.766793 +00:00,2026-02-20 17:11:55.441640 +00:00,"{keto,low_carb,paleo,vegan}","{pancake,banana,honey}"
1ee6b8c9-8e4c-4622-8ae1-c0dedf5f46ea,Fig Bars + Banana,fig_bars_banana,before,30-90 min,30,90,snack,Quick Grab,fast,{gluten},Fig bars are ~22g carbs each. Low fat. Fast digesting.,"[{""fat_g"": 3, ""carbs_g"": 19, ""food_id"": ""811917ac-4a57-4294-81a3-09cbd414de9a"", ""calories"": 100, ""fluid_ml"": 4, ""allergens"": [""gluten""], ""food_name"": ""fig_bar"", ""protein_g"": 1.5, ""sodium_mg"": 60, ""display_name"": ""Fig Bar"", ""max_servings"": 4, ""min_servings"": 1, ""serving_size"": ""1 bar"", ""digestion_speed"": ""medium"", ""default_servings"": 2}, {""fat_g"": 0.4, ""carbs_g"": 27, ""food_id"": ""2a376d78-d356-45cc-8619-910d0fe7e02f"", ""calories"": 105, ""fluid_ml"": 88, ""allergens"": [], ""food_name"": ""banana"", ""protein_g"": 1.3, ""sodium_mg"": 1, ""display_name"": ""Banana"", ""max_servings"": 3, ""min_servings"": 0.5, ""serving_size"": ""1 medium"", ""digestion_speed"": ""fast"", ""default_servings"": 1}]",65.0,4.3,6.4,121.0,96.0,305,unvalidated,true,30,2026-02-13 14:05:20.766793 +00:00,2026-02-20 17:11:55.441640 +00:00,"{keto,low_carb,paleo}","{fig_bar,banana}"
2054272b-b2cd-470c-80e1-0da93d8e22ec,Cereal + Milk + Berries,cereal_milk_berries,before,1.5-3 hours,90,180,full_meal,Cereal,medium,"{dairy,gluten}",Lower sugar fruit option.,"[{""fat_g"": 0, ""carbs_g"": 24, ""food_id"": ""0f611e49-da7a-4e97-880f-bdf7ab3d09ef"", ""calories"": 100, ""fluid_ml"": 0, ""allergens"": [""gluten""], ""food_name"": ""cereal"", ""protein_g"": 2, ""sodium_mg"": 200, ""display_name"": ""Cereal (low-fiber type)"", ""max_servings"": 2, ""min_servings"": 0.5, ""serving_size"": ""1 cup"", ""digestion_speed"": ""fast"", ""default_servings"": 1}, {""fat_g"": 0.3, ""carbs_g"": 8.5, ""food_id"": ""05f6647c-646d-434a-8223-67bd51de9b2e"", ""calories"": 35, ""fluid_ml"": 60, ""allergens"": [], ""food_name"": ""mixed_berries"", ""protein_g"": 0.5, ""sodium_mg"": 1, ""display_name"": ""Mixed Berries"", ""max_servings"": 3, ""min_servings"": 0.5, ""serving_size"": ""½ cup"", ""digestion_speed"": ""fast"", ""default_servings"": 1}]",32.5,2.5,0.3,201.0,60.0,135,unvalidated,true,44,2026-02-13 14:05:20.766793 +00:00,2026-02-20 17:11:55.441640 +00:00,"{keto,low_carb,paleo,vegan}","{cereal,mixed_berries}"
28746c1f-2c16-41e0-8a40-346d557283d1,Waffles + Syrup,waffles_syrup,before,1.5-3 hours,90,180,full_meal,Pancake / Waffle,medium,"{dairy,eggs,gluten}",Frozen waffles work great. ~60-70g carbs.,"[{""fat_g"": 3, ""carbs_g"": 15.4, ""food_id"": ""65eb3b87-fbe8-4ab6-80ce-0018f3121807"", ""calories"": 95, ""fluid_ml"": 10, ""allergens"": [""gluten"", ""eggs"", ""dairy""], ""food_name"": ""toaster_waffle"", ""protein_g"": 2, ""sodium_mg"": 212, ""display_name"": ""Toaster Waffle"", ""max_servings"": 4, ""min_servings"": 1, ""serving_size"": ""1 waffle"", ""digestion_speed"": ""medium"", ""default_servings"": 2}, {""fat_g"": 0, ""carbs_g"": 13.4, ""food_id"": ""12c892e0-f6e8-47d3-83b4-32e89b7da4c2"", ""calories"": 52, ""fluid_ml"": 5, ""allergens"": [], ""food_name"": ""maple_syrup"", ""protein_g"": 0, ""sodium_mg"": 2, ""display_name"": ""Maple Syrup"", ""max_servings"": 4, ""min_servings"": 2, ""serving_size"": ""1 tbsp"", ""digestion_speed"": ""fast"", ""default_servings"": 2}]",57.6,4.0,6.0,428.0,30.0,294,unvalidated,true,106,2026-02-13 14:05:20.766793 +00:00,2026-02-20 17:11:55.441640 +00:00,"{keto,low_carb,paleo,vegan}","{toaster_waffle,maple_syrup}"
2f73a9e4-aac5-45ad-8edb-31b81c569667,Smoothie: Banana + Berries + Yogurt,smoothie_banana_berries_yogurt,before,1.5-3 hours,90,180,full_meal,Smoothie,medium,{dairy},Thicker than milk-based. More protein.,"[{""fat_g"": 0.4, ""carbs_g"": 27, ""food_id"": ""2a376d78-d356-45cc-8619-910d0fe7e02f"", ""calories"": 105, ""fluid_ml"": 88, ""allergens"": [], ""food_name"": ""banana"", ""protein_g"": 1.3, ""sodium_mg"": 1, ""display_name"": ""Banana"", ""max_servings"": 3, ""min_servings"": 0.5, ""serving_size"": ""1 medium"", ""digestion_speed"": ""fast"", ""default_servings"": 1}, {""fat_g"": 0.3, ""carbs_g"": 8.5, ""food_id"": ""05f6647c-646d-434a-8223-67bd51de9b2e"", ""calories"": 35, ""fluid_ml"": 60, ""allergens"": [], ""food_name"": ""mixed_berries"", ""protein_g"": 0.5, ""sodium_mg"": 1, ""display_name"": ""Mixed Berries"", ""max_servings"": 3, ""min_servings"": 0.5, ""serving_size"": ""½ cup"", ""digestion_speed"": ""fast"", ""default_servings"": 1}, {""fat_g"": 4.7, ""carbs_g"": 17.4, ""food_id"": ""67f7093b-b0ff-4faa-81c5-d474c52818a2"", ""calories"": 149, ""fluid_ml"": 200, ""allergens"": [""dairy""], ""food_name"": ""yogurt"", ""protein_g"": 8.5, ""sodium_mg"": 172, ""display_name"": ""Yogurt (plain)"", ""max_servings"": 1, ""min_servings"": 0.25, ""serving_size"": ""1 cup"", ""digestion_speed"": ""medium"", ""default_servings"": 0.5}]",44.2,6.1,3.1,88.0,248.0,215,unvalidated,true,118,2026-02-13 14:05:20.766793 +00:00,2026-02-20 17:11:55.441640 +00:00,"{paleo,vegan}","{banana,mixed_berries,yogurt}"
86b7bca5-a7ae-4cd4-8cf6-4d8bfde330c7,Toast + Nutella,toast_nutella,before,30-90 min,30,90,snack,Toast / Bread,medium,"{dairy,gluten,soy,tree_nuts}",Higher sugar than PB. Contains dairy and soy.,"[{""fat_g"": 0.8, ""carbs_g"": 12.7, ""food_id"": ""652dd5d5-ad51-42d5-83cc-5ae4b709e77e"", ""calories"": 66, ""fluid_ml"": 0, ""allergens"": [""gluten""], ""food_name"": ""white_bread"", ""protein_g"": 1.8, ""sodium_mg"": 130, ""display_name"": ""Bread / Toast"", ""max_servings"": 2, ""min_servings"": 1, ""serving_size"": ""1 slice"", ""digestion_speed"": ""fast"", ""default_servings"": 1}, {""fat_g"": 6, ""carbs_g"": 11, ""food_id"": ""23c88349-e2df-485a-8dda-0e4fc96b2ba0"", ""calories"": 100, ""fluid_ml"": 0, ""allergens"": [""dairy"", ""soy"", ""tree_nuts""], ""food_name"": ""nutella"", ""protein_g"": 1, ""sodium_mg"": 8, ""display_name"": ""Nutella"", ""max_servings"": 2, ""min_servings"": 1, ""serving_size"": ""1 tbsp"", ""digestion_speed"": ""medium"", ""default_servings"": 1}]",23.7,2.8,6.8,138.0,0.0,166,unvalidated,true,46,2026-02-13 14:05:20.766793 +00:00,2026-02-20 17:11:55.441640 +00:00,"{keto,low_carb,paleo,vegan}","{white_bread,nutella}"
326c6549-108d-42df-8101-1e7f14caaa17,Granola Bar + Banana,granola_bar_banana,before,30-90 min,30,90,snack,Quick Grab,medium,{gluten},Portable. ~50-60g carbs. Check bar allergens.,"[{""fat_g"": 7, ""carbs_g"": 29, ""food_id"": ""38de203a-f3ee-4515-82d7-148a97cfc08b"", ""calories"": 190, ""fluid_ml"": 0, ""allergens"": [""gluten""], ""food_name"": ""granola_bar"", ""protein_g"": 3, ""sodium_mg"": 105, ""display_name"": ""Granola Bar"", ""max_servings"": 3, ""min_servings"": 0.5, ""serving_size"": ""1 bar"", ""digestion_speed"": ""medium"", ""default_servings"": 1}, {""fat_g"": 0.4, ""carbs_g"": 27, ""food_id"": ""2a376d78-d356-45cc-8619-910d0fe7e02f"", ""calories"": 105, ""fluid_ml"": 88, ""allergens"": [], ""food_name"": ""banana"", ""protein_g"": 1.3, ""sodium_mg"": 1, ""display_name"": ""Banana"", ""max_servings"": 3, ""min_servings"": 0.5, ""serving_size"": ""1 medium"", ""digestion_speed"": ""fast"", ""default_servings"": 1}]",56.0,4.3,7.4,106.0,88.0,295,unvalidated,true,75,2026-02-13 14:05:20.766793 +00:00,2026-02-20 17:11:55.441640 +00:00,"{keto,low_carb,paleo}","{granola_bar,banana}"
517a9f19-168f-4ce7-8dec-5c73f313f75f,Pancakes + Eggs,pancakes_eggs,before,3-4 hours,180,240,full_meal,Pancake / Waffle,slow,"{dairy,eggs,gluten}",Full breakfast. Needs 3-4 hours. High protein + fat.,"[{""fat_g"": 7, ""carbs_g"": 22, ""food_id"": ""c4ef7542-abfc-41bd-8788-c4c82f3d997d"", ""calories"": 175, ""fluid_ml"": 40, ""allergens"": [""gluten"", ""eggs"", ""dairy""], ""food_name"": ""pancake"", ""protein_g"": 5, ""sodium_mg"": 226, ""display_name"": ""Pancake (medium 6\"")"", ""max_servings"": 4, ""min_servings"": 1, ""serving_size"": ""1 medium"", ""digestion_speed"": ""medium"", ""default_servings"": 2}, {""fat_g"": 0, ""carbs_g"": 13.4, ""food_id"": ""12c892e0-f6e8-47d3-83b4-32e89b7da4c2"", ""calories"": 52, ""fluid_ml"": 5, ""allergens"": [], ""food_name"": ""maple_syrup"", ""protein_g"": 0, ""sodium_mg"": 2, ""display_name"": ""Maple Syrup"", ""max_servings"": 4, ""min_servings"": 2, ""serving_size"": ""1 tbsp"", ""digestion_speed"": ""fast"", ""default_servings"": 2}, {""fat_g"": 6.7, ""carbs_g"": 1, ""food_id"": ""b823506e-9822-4583-88df-a8517b4e7698"", ""calories"": 91, ""fluid_ml"": 0, ""allergens"": [""eggs""], ""food_name"": ""egg"", ""protein_g"": 6.1, ""sodium_mg"": 171, ""display_name"": ""Egg (scrambled)"", ""max_servings"": 2, ""min_servings"": 0.5, ""serving_size"": ""1 large"", ""digestion_speed"": ""slow"", ""default_servings"": 1}]",71.8,16.1,20.7,627.0,90.0,545,unvalidated,true,23,2026-02-13 14:05:20.766793 +00:00,2026-02-20 17:11:55.441640 +00:00,"{keto,low_carb,paleo,vegan}","{pancake,maple_syrup,egg}"
33d7dfc3-0636-40a1-8c8b-d483a2532933,Boiled Potatoes + Salt,boiled_potatoes_salt,before,1.5-3 hours,90,180,full_meal,Potato-Based,medium,{},Simple. Low residue. Good for sensitive stomachs.,"[{""fat_g"": 0.2, ""carbs_g"": 37, ""food_id"": ""1e8835a7-a281-43b0-8c4b-4dfd1f083ee4"", ""calories"": 161, ""fluid_ml"": 130, ""allergens"": [], ""food_name"": ""baked_potato"", ""protein_g"": 4.3, ""sodium_mg"": 17, ""display_name"": ""Potato (baked/boiled)"", ""max_servings"": 1.5, ""min_servings"": 0.67, ""serving_size"": ""1 medium"", ""digestion_speed"": ""medium"", ""default_servings"": 0.8}, {""fat_g"": 0, ""carbs_g"": 0, ""food_id"": ""fc45bd47-7151-4dcd-8ee5-b6a1aed2ed51"", ""calories"": 0, ""fluid_ml"": 0, ""allergens"": [], ""food_name"": ""salt"", ""protein_g"": 0, ""sodium_mg"": 581, ""display_name"": ""Salt"", ""max_servings"": 4, ""min_servings"": 1, ""serving_size"": ""¼ tsp"", ""digestion_speed"": ""fast"", ""default_servings"": 2}]",29.6,3.4,0.2,1175.6,104.0,129,unvalidated,true,45,2026-02-13 14:05:20.766793 +00:00,2026-02-20 17:11:55.441640 +00:00,"{keto,low_carb}","{baked_potato,salt}"
0bb86549-6212-4d7f-84ad-7649c33eecde,Crackers + Peanut Butter,crackers_peanut_butter,before,30-90 min,30,90,snack,Quick Grab,medium,"{gluten,peanuts}",Portable. Works in car/hotel room.,"[{""fat_g"": 0.4, ""carbs_g"": 2.7, ""food_id"": ""8a60c7c5-4e8e-4f71-89dc-f24f67e4b629"", ""calories"": 16, ""fluid_ml"": 0, ""allergens"": [""gluten""], ""food_name"": ""crackers"", ""protein_g"": 0.3, ""sodium_mg"": 34, ""display_name"": ""Crackers"", ""max_servings"": 12, ""min_servings"": 3, ""serving_size"": ""1 cracker"", ""digestion_speed"": ""fast"", ""default_servings"": 6}, {""fat_g"": 8.2, ""carbs_g"": 3.6, ""food_id"": ""ca3ef4be-a5a4-4e39-84cb-48a15ddfe413"", ""calories"": 94, ""fluid_ml"": 0, ""allergens"": [""peanuts""], ""food_name"": ""peanut_butter"", ""protein_g"": 3.6, ""sodium_mg"": 73, ""display_name"": ""Peanut Butter"", ""max_servings"": 2, ""min_servings"": 1, ""serving_size"": ""1 tbsp"", ""digestion_speed"": ""slow"", ""default_servings"": 1}]",19.8,5.4,10.6,277.0,0.0,190,unvalidated,true,53,2026-02-13 14:05:20.766793 +00:00,2026-02-20 17:11:55.441640 +00:00,"{keto,low_carb,paleo}","{crackers,peanut_butter}"
0eebff85-50d6-4603-832b-a7ae2e713d75,Smoothie: Banana + Oats + Milk + Honey,smoothie_banana_oats_milk_honey,before,1.5-3 hours,90,180,full_meal,Smoothie,medium,{dairy},Oats add fiber and thickness. Blend well.,"[{""fat_g"": 0.4, ""carbs_g"": 27, ""food_id"": ""2a376d78-d356-45cc-8619-910d0fe7e02f"", ""calories"": 105, ""fluid_ml"": 88, ""allergens"": [], ""food_name"": ""banana"", ""protein_g"": 1.3, ""sodium_mg"": 1, ""display_name"": ""Banana"", ""max_servings"": 3, ""min_servings"": 0.5, ""serving_size"": ""1 medium"", ""digestion_speed"": ""fast"", ""default_servings"": 1}, {""fat_g"": 2.5, ""carbs_g"": 27, ""food_id"": ""b954fa74-4de5-4e76-8ab5-966a1b92d1cb"", ""calories"": 150, ""fluid_ml"": 200, ""allergens"": [], ""food_name"": ""oats_dry"", ""protein_g"": 5, ""sodium_mg"": 0, ""display_name"": ""Oatmeal (½ cup dry)"", ""max_servings"": 4, ""min_servings"": 0.5, ""serving_size"": ""½ cup dry (~40g)"", ""digestion_speed"": ""medium"", ""default_servings"": 1}, {""fat_g"": 0, ""carbs_g"": 17.3, ""food_id"": ""6e86dd85-506c-4157-84a8-4e44b5eeb4d4"", ""calories"": 64, ""fluid_ml"": 4, ""allergens"": [], ""food_name"": ""honey"", ""protein_g"": 0.1, ""sodium_mg"": 1, ""display_name"": ""Honey"", ""max_servings"": 4, ""min_servings"": 1, ""serving_size"": ""1 tbsp"", ""digestion_speed"": ""fast"", ""default_servings"": 1}, {""fat_g"": 8, ""carbs_g"": 12, ""food_id"": ""729254f8-7c67-4814-8d22-c232871d810b"", ""calories"": 149, ""fluid_ml"": 220, ""allergens"": [""dairy""], ""food_name"": ""milk"", ""protein_g"": 8, ""sodium_mg"": 105, ""display_name"": ""Milk (whole)"", ""max_servings"": 2, ""min_servings"": 0.5, ""serving_size"": ""1 cup (8 oz)"", ""digestion_speed"": ""medium"", ""default_servings"": 1}]",83.3,14.4,10.9,107.0,512.0,468,unvalidated,true,68,2026-02-13 14:05:20.766793 +00:00,2026-02-20 17:18:42.054211 +00:00,"{keto,low_carb,paleo,vegan}","{banana,oats_dry,honey,milk}"
47ee46c3-4249-4d27-8d90-d4b3d04cb517,Pretzels + Sports Drink,pretzels_sports_drink,before,< 30 min,0,30,top_up,Quick Grab,fast,{gluten},Maximum sodium loading. Almost zero fat/fiber.,"[{""fat_g"": 1, ""carbs_g"": 23, ""food_id"": ""8ac09937-f522-44aa-894e-c45482a35993"", ""calories"": 108, ""fluid_ml"": 0, ""allergens"": [""gluten""], ""food_name"": ""pretzels"", ""protein_g"": 2.8, ""sodium_mg"": 385, ""display_name"": ""Pretzels"", ""max_servings"": 3, ""min_servings"": 0.5, ""serving_size"": ""1 oz"", ""digestion_speed"": ""fast"", ""default_servings"": 1}]",23.0,2.8,1.0,385.0,0.0,108,unvalidated,true,20,2026-02-13 14:05:20.766793 +00:00,2026-02-20 17:11:55.441640 +00:00,"{keto,low_carb,paleo}",{pretzels}
0ef68ed5-16ba-4a3b-84ff-b9569bcef72c,Coffee + Toast + PB,coffee_toast_pb,before,1.5-3 hours,90,180,full_meal,Liquid-Forward,medium,"{gluten,peanuts}",Many athletes' daily pre-workout ritual. Caffeine + sustained energy.,"[{""fat_g"": 0.8, ""carbs_g"": 12.7, ""food_id"": ""652dd5d5-ad51-42d5-83cc-5ae4b709e77e"", ""calories"": 66, ""fluid_ml"": 0, ""allergens"": [""gluten""], ""food_name"": ""white_bread"", ""protein_g"": 1.8, ""sodium_mg"": 130, ""display_name"": ""Bread / Toast"", ""max_servings"": 2, ""min_servings"": 1, ""serving_size"": ""1 slice"", ""digestion_speed"": ""fast"", ""default_servings"": 1}, {""fat_g"": 8.2, ""carbs_g"": 3.6, ""food_id"": ""ca3ef4be-a5a4-4e39-84cb-48a15ddfe413"", ""calories"": 94, ""fluid_ml"": 0, ""allergens"": [""peanuts""], ""food_name"": ""peanut_butter"", ""protein_g"": 3.6, ""sodium_mg"": 73, ""display_name"": ""Peanut Butter"", ""max_servings"": 2, ""min_servings"": 1, ""serving_size"": ""1 tbsp"", ""digestion_speed"": ""slow"", ""default_servings"": 1}]",16.3,5.4,9.0,203.0,0.0,160,unvalidated,true,103,2026-02-13 14:05:20.766793 +00:00,2026-02-20 17:11:55.441640 +00:00,"{keto,low_carb,paleo}","{white_bread,peanut_butter}"
3186a68e-08fb-44e9-8d58-90c4946dbb8c,Baked Potato + Salt + Butter,baked_potato_salt_butter,before,1.5-3 hours,90,180,full_meal,Potato-Based,medium,{dairy},Gluten-free carb base. ~37g carbs. High potassium.,"[{""fat_g"": 0.2, ""carbs_g"": 37, ""food_id"": ""1e8835a7-a281-43b0-8c4b-4dfd1f083ee4"", ""calories"": 161, ""fluid_ml"": 130, ""allergens"": [], ""food_name"": ""baked_potato"", ""protein_g"": 4.3, ""sodium_mg"": 17, ""display_name"": ""Potato (baked/boiled)"", ""max_servings"": 2, ""min_servings"": 0.5, ""serving_size"": ""1 medium"", ""digestion_speed"": ""medium"", ""default_servings"": 1}, {""fat_g"": 0, ""carbs_g"": 0, ""food_id"": ""fc45bd47-7151-4dcd-8ee5-b6a1aed2ed51"", ""calories"": 0, ""fluid_ml"": 0, ""allergens"": [], ""food_name"": ""salt"", ""protein_g"": 0, ""sodium_mg"": 581, ""display_name"": ""Salt"", ""max_servings"": 4, ""min_servings"": 1, ""serving_size"": ""¼ tsp"", ""digestion_speed"": ""fast"", ""default_servings"": 2}, {""fat_g"": 4, ""carbs_g"": 0, ""food_id"": ""6d035c90-735c-45a6-844a-e40105bcb8bf"", ""calories"": 36, ""fluid_ml"": 0, ""allergens"": [""dairy""], ""food_name"": ""butter"", ""protein_g"": 0, ""sodium_mg"": 32, ""display_name"": ""Butter"", ""max_servings"": 2, ""min_servings"": 0.5, ""serving_size"": ""1 tsp"", ""digestion_speed"": ""slow"", ""default_servings"": 1}]",37.0,4.3,4.2,1211.0,130.0,197,unvalidated,true,108,2026-02-13 14:05:20.766793 +00:00,2026-02-20 17:11:55.441640 +00:00,"{keto,low_carb,paleo,vegan}","{baked_potato,salt,butter}"
86d5d6b4-fd15-4502-87dd-4cb82855443f,Trail Mix,trail_mix,before,1.5-3 hours,90,180,full_meal,Quick Grab,slow,"{peanuts,tree_nuts}","High fat from nuts. Better for long, low-intensity efforts.","[{""fat_g"": 11, ""carbs_g"": 16, ""food_id"": ""ae783f7a-b919-48a2-8a0e-220bbcd2cfe0"", ""calories"": 173, ""fluid_ml"": 2, ""allergens"": [""peanuts"", ""tree_nuts""], ""food_name"": ""trail_mix"", ""protein_g"": 5, ""sodium_mg"": 46, ""display_name"": ""Trail Mix"", ""max_servings"": 2, ""min_servings"": 1, ""serving_size"": ""¼ cup"", ""digestion_speed"": ""slow"", ""default_servings"": 1}]",16.0,5.0,11.0,46.0,2.0,173,unvalidated,true,90,2026-02-13 14:05:20.766793 +00:00,2026-02-20 17:11:55.441640 +00:00,{},{trail_mix}
182d409c-8bbc-4a23-8737-fbbf02549533,Sports Drink + Banana,sports_drink_banana,before,< 30 min,0,30,top_up,Liquid-Forward,fast,{},Liquid + solid combo. ~55-70g carbs. Race morning staple.,"[{""fat_g"": 0.4, ""carbs_g"": 27, ""food_id"": ""2a376d78-d356-45cc-8619-910d0fe7e02f"", ""calories"": 105, ""fluid_ml"": 88, ""allergens"": [], ""food_name"": ""banana"", ""protein_g"": 1.3, ""sodium_mg"": 1, ""display_name"": ""Banana"", ""max_servings"": 3, ""min_servings"": 0.5, ""serving_size"": ""1 medium"", ""digestion_speed"": ""fast"", ""default_servings"": 1}]",27.0,1.3,0.4,1.0,88.0,105,unvalidated,true,102,2026-02-13 14:05:20.766793 +00:00,2026-02-20 17:11:55.441640 +00:00,{},{banana}
b4c3e31c-259c-4ca3-801d-9bd0d129b79d,Toast + Avocado + Egg,toast_avocado_egg,before,3-4 hours,180,240,full_meal,Toast / Bread,slow,"{eggs,gluten}",Full meal. Needs 3+ hours. High satiety.,"[{""fat_g"": 0.8, ""carbs_g"": 12.7, ""food_id"": ""652dd5d5-ad51-42d5-83cc-5ae4b709e77e"", ""calories"": 66, ""fluid_ml"": 0, ""allergens"": [""gluten""], ""food_name"": ""white_bread"", ""protein_g"": 1.8, ""sodium_mg"": 130, ""display_name"": ""Bread / Toast"", ""max_servings"": 2, ""min_servings"": 1, ""serving_size"": ""1 slice"", ""digestion_speed"": ""fast"", ""default_servings"": 1}, {""fat_g"": 7.3, ""carbs_g"": 4.3, ""food_id"": ""b362bc80-6995-4821-87ab-0d715930fcf6"", ""calories"": 80, ""fluid_ml"": 37, ""allergens"": [], ""food_name"": ""avocado"", ""protein_g"": 1, ""sodium_mg"": 4, ""display_name"": ""Avocado"", ""max_servings"": 2, ""min_servings"": 1, ""serving_size"": ""¼ medium"", ""digestion_speed"": ""slow"", ""default_servings"": 1}, {""fat_g"": 6.7, ""carbs_g"": 1, ""food_id"": ""b823506e-9822-4583-88df-a8517b4e7698"", ""calories"": 91, ""fluid_ml"": 0, ""allergens"": [""eggs""], ""food_name"": ""egg"", ""protein_g"": 6.1, ""sodium_mg"": 171, ""display_name"": ""Egg (scrambled)"", ""max_servings"": 2, ""min_servings"": 0.5, ""serving_size"": ""1 large"", ""digestion_speed"": ""slow"", ""default_servings"": 1}]",18.0,8.9,14.8,305.0,37.0,237,unvalidated,true,25,2026-02-13 14:05:20.766793 +00:00,2026-02-20 17:11:55.441640 +00:00,"{keto,low_carb,paleo,vegan}","{white_bread,avocado,egg}"
c14d7e4d-903b-4d56-8528-965bfaa9de1d,Pretzels + Banana,pretzels_banana,before,30-90 min,30,90,snack,Quick Grab,fast,{gluten},High sodium (~400mg). Great for hot weather racing.,"[{""fat_g"": 1, ""carbs_g"": 23, ""food_id"": ""8ac09937-f522-44aa-894e-c45482a35993"", ""calories"": 108, ""fluid_ml"": 0, ""allergens"": [""gluten""], ""food_name"": ""pretzels"", ""protein_g"": 2.8, ""sodium_mg"": 385, ""display_name"": ""Pretzels"", ""max_servings"": 3, ""min_servings"": 0.5, ""serving_size"": ""1 oz"", ""digestion_speed"": ""fast"", ""default_servings"": 1}, {""fat_g"": 0.4, ""carbs_g"": 27, ""food_id"": ""2a376d78-d356-45cc-8619-910d0fe7e02f"", ""calories"": 105, ""fluid_ml"": 88, ""allergens"": [], ""food_name"": ""banana"", ""protein_g"": 1.3, ""sodium_mg"": 1, ""display_name"": ""Banana"", ""max_servings"": 3, ""min_servings"": 0.5, ""serving_size"": ""1 medium"", ""digestion_speed"": ""fast"", ""default_servings"": 1}]",50.0,4.1,1.4,386.0,88.0,213,unvalidated,true,104,2026-02-13 14:05:20.766793 +00:00,2026-02-20 17:11:55.441640 +00:00,"{keto,low_carb,paleo}","{pretzels,banana}"
37b3fa15-623e-46dd-8615-a3f3379306e3,Toast + PB + Banana,toast_pb_banana,before,1.5-3 hours,90,180,full_meal,Toast / Bread,medium,{gluten},Classic combo. Banana adds fast carbs on top of slower PB base.,"[{""fat_g"": 0.8, ""carbs_g"": 12.7, ""food_id"": ""652dd5d5-ad51-42d5-83cc-5ae4b709e77e"", ""calories"": 66, ""fluid_ml"": 0, ""allergens"": [""gluten""], ""food_name"": ""white_bread"", ""protein_g"": 1.8, ""sodium_mg"": 130, ""display_name"": ""Bread / Toast"", ""max_servings"": 2, ""min_servings"": 1, ""serving_size"": ""1 slice"", ""digestion_speed"": ""fast"", ""default_servings"": 1}, {""fat_g"": 8.2, ""carbs_g"": 3.6, ""food_id"": ""ca3ef4be-a5a4-4e39-84cb-48a15ddfe413"", ""calories"": 94, ""fluid_ml"": 0, ""allergens"": [""peanuts""], ""food_name"": ""peanut_butter"", ""protein_g"": 3.6, ""sodium_mg"": 73, ""display_name"": ""Peanut Butter"", ""max_servings"": 2, ""min_servings"": 1, ""serving_size"": ""1 tbsp"", ""digestion_speed"": ""slow"", ""default_servings"": 1}, {""fat_g"": 0.4, ""carbs_g"": 27, ""food_id"": ""2a376d78-d356-45cc-8619-910d0fe7e02f"", ""calories"": 105, ""fluid_ml"": 88, ""allergens"": [], ""food_name"": ""banana"", ""protein_g"": 1.3, ""sodium_mg"": 1, ""display_name"": ""Banana"", ""max_servings"": 3, ""min_servings"": 0.5, ""serving_size"": ""1 medium"", ""digestion_speed"": ""fast"", ""default_servings"": 1}]",43.3,6.7,9.4,204.0,88.0,265,unvalidated,true,84,2026-02-13 14:05:20.766793 +00:00,2026-02-20 17:11:55.441640 +00:00,"{keto,low_carb,paleo}","{white_bread,peanut_butter,banana}"
46179978-0533-4d99-8056-4ce7799e1376,Yogurt + Granola,yogurt_granola,before,1.5-3 hours,90,180,full_meal,Yogurt,medium,"{dairy,gluten}","Greek yogurt for more protein, regular for faster digestion. Check granola for nuts.","[{""fat_g"": 4.7, ""carbs_g"": 17.4, ""food_id"": ""67f7093b-b0ff-4faa-81c5-d474c52818a2"", ""calories"": 149, ""fluid_ml"": 200, ""allergens"": [""dairy""], ""food_name"": ""yogurt"", ""protein_g"": 8.5, ""sodium_mg"": 172, ""display_name"": ""Yogurt (plain)"", ""max_servings"": 2, ""min_servings"": 0.5, ""serving_size"": ""1 cup"", ""digestion_speed"": ""medium"", ""default_servings"": 1}, {""fat_g"": 6, ""carbs_g"": 17.5, ""food_id"": ""1c48768d-8775-49c0-8ba1-108129c607f2"", ""calories"": 131, ""fluid_ml"": 0, ""allergens"": [""gluten""], ""food_name"": ""granola"", ""protein_g"": 3, ""sodium_mg"": 7, ""display_name"": ""Granola"", ""max_servings"": 2, ""min_servings"": 1, ""serving_size"": ""¼ cup"", ""digestion_speed"": ""medium"", ""default_servings"": 1}]",34.9,11.5,10.7,179.0,200.0,280,unvalidated,true,8,2026-02-13 14:05:20.766793 +00:00,2026-02-20 17:11:55.441640 +00:00,"{keto,low_carb,paleo,vegan}","{yogurt,granola}"
596c203a-50a9-4492-86ae-9ee82ac1a6ea,Rice Cake + Almond Butter + Banana,rice_cake_almond_butter_banana,before,1.5-3 hours,90,180,full_meal,Rice Cake,medium,{tree_nuts},Tree nut / peanut-free alternative.,"[{""fat_g"": 0.3, ""carbs_g"": 7.3, ""food_id"": ""0c891faf-e07c-4a39-8753-209014090cde"", ""calories"": 35, ""fluid_ml"": 0, ""allergens"": [], ""food_name"": ""rice_cake"", ""protein_g"": 0.7, ""sodium_mg"": 29, ""display_name"": ""Rice Cake (plain)"", ""max_servings"": 4, ""min_servings"": 1, ""serving_size"": ""1 cake"", ""digestion_speed"": ""fast"", ""default_servings"": 2}, {""fat_g"": 9, ""carbs_g"": 3, ""food_id"": ""b9af7791-a7b3-4ab3-815d-aac2acfbf34f"", ""calories"": 98, ""fluid_ml"": 0, ""allergens"": [""tree_nuts""], ""food_name"": ""almond_butter"", ""protein_g"": 3.4, ""sodium_mg"": 36, ""display_name"": ""Almond Butter"", ""max_servings"": 2, ""min_servings"": 1, ""serving_size"": ""1 tbsp"", ""digestion_speed"": ""slow"", ""default_servings"": 1}, {""fat_g"": 0.4, ""carbs_g"": 27, ""food_id"": ""2a376d78-d356-45cc-8619-910d0fe7e02f"", ""calories"": 105, ""fluid_ml"": 88, ""allergens"": [], ""food_name"": ""banana"", ""protein_g"": 1.3, ""sodium_mg"": 1, ""display_name"": ""Banana"", ""max_servings"": 3, ""min_servings"": 0.5, ""serving_size"": ""1 medium"", ""digestion_speed"": ""fast"", ""default_servings"": 1}]",44.6,6.1,10.0,95.0,88.0,273,unvalidated,true,34,2026-02-13 14:05:20.766793 +00:00,2026-02-20 17:11:55.441640 +00:00,"{keto,low_carb}","{rice_cake,almond_butter,banana}"
3df2c020-59b6-4179-8d5e-0a89502a266f,Toast + Butter + Honey,toast_butter_honey,before,30-90 min,30,90,snack,Toast / Bread,medium,"{dairy,gluten}",Small amount of fat from butter. Comfort food feel.,"[{""fat_g"": 0.8, ""carbs_g"": 12.7, ""food_id"": ""652dd5d5-ad51-42d5-83cc-5ae4b709e77e"", ""calories"": 66, ""fluid_ml"": 0, ""allergens"": [""gluten""], ""food_name"": ""white_bread"", ""protein_g"": 1.8, ""sodium_mg"": 130, ""display_name"": ""Bread / Toast"", ""max_servings"": 2, ""min_servings"": 1, ""serving_size"": ""1 slice"", ""digestion_speed"": ""fast"", ""default_servings"": 1}, {""fat_g"": 4, ""carbs_g"": 0, ""food_id"": ""6d035c90-735c-45a6-844a-e40105bcb8bf"", ""calories"": 36, ""fluid_ml"": 0, ""allergens"": [""dairy""], ""food_name"": ""butter"", ""protein_g"": 0, ""sodium_mg"": 32, ""display_name"": ""Butter"", ""max_servings"": 2, ""min_servings"": 0.5, ""serving_size"": ""1 tsp"", ""digestion_speed"": ""slow"", ""default_servings"": 1}, {""fat_g"": 0, ""carbs_g"": 17.3, ""food_id"": ""6e86dd85-506c-4157-84a8-4e44b5eeb4d4"", ""calories"": 64, ""fluid_ml"": 4, ""allergens"": [], ""food_name"": ""honey"", ""protein_g"": 0.1, ""sodium_mg"": 1, ""display_name"": ""Honey"", ""max_servings"": 4, ""min_servings"": 1, ""serving_size"": ""1 tbsp"", ""digestion_speed"": ""fast"", ""default_servings"": 1}]",30.0,1.9,4.8,163.0,4.0,166,unvalidated,true,32,2026-02-13 14:05:20.766793 +00:00,2026-02-20 17:11:55.441640 +00:00,"{keto,low_carb,paleo,vegan}","{white_bread,butter,honey}"
5e48b15a-232f-486b-8139-e93509ecf4aa,Toast + Nutella + Banana,toast_nutella_banana,before,1.5-3 hours,90,180,full_meal,Toast / Bread,medium,"{dairy,gluten,soy,tree_nuts}",Dessert-like but effective. Good for athletes who struggle to eat early.,"[{""fat_g"": 0.8, ""carbs_g"": 12.7, ""food_id"": ""652dd5d5-ad51-42d5-83cc-5ae4b709e77e"", ""calories"": 66, ""fluid_ml"": 0, ""allergens"": [""gluten""], ""food_name"": ""white_bread"", ""protein_g"": 1.8, ""sodium_mg"": 130, ""display_name"": ""Bread / Toast"", ""max_servings"": 2, ""min_servings"": 1, ""serving_size"": ""1 slice"", ""digestion_speed"": ""fast"", ""default_servings"": 1}, {""fat_g"": 6, ""carbs_g"": 11, ""food_id"": ""23c88349-e2df-485a-8dda-0e4fc96b2ba0"", ""calories"": 100, ""fluid_ml"": 0, ""allergens"": [""dairy"", ""soy"", ""tree_nuts""], ""food_name"": ""nutella"", ""protein_g"": 1, ""sodium_mg"": 8, ""display_name"": ""Nutella"", ""max_servings"": 2, ""min_servings"": 1, ""serving_size"": ""1 tbsp"", ""digestion_speed"": ""medium"", ""default_servings"": 1}, {""fat_g"": 0.4, ""carbs_g"": 27, ""food_id"": ""2a376d78-d356-45cc-8619-910d0fe7e02f"", ""calories"": 105, ""fluid_ml"": 88, ""allergens"": [], ""food_name"": ""banana"", ""protein_g"": 1.3, ""sodium_mg"": 1, ""display_name"": ""Banana"", ""max_servings"": 3, ""min_servings"": 0.5, ""serving_size"": ""1 medium"", ""digestion_speed"": ""fast"", ""default_servings"": 1}]",50.7,4.1,7.2,139.0,88.0,271,unvalidated,true,67,2026-02-13 14:05:20.766793 +00:00,2026-02-20 17:11:55.441640 +00:00,"{keto,low_carb,paleo,vegan}","{white_bread,nutella,banana}"
5dee4b6d-0b4e-439d-85b2-30dbc70e642c,Oatmeal + Banana + PB,oatmeal_banana_pb,before,1.5-3 hours,90,180,full_meal,Oatmeal,slow,"{peanuts,gluten}",Higher fat/protein. Needs 3+ hours. Very satiating.,"[{""fat_g"": 2.5, ""carbs_g"": 27, ""food_id"": ""b954fa74-4de5-4e76-8ab5-966a1b92d1cb"", ""calories"": 150, ""fluid_ml"": 200, ""allergens"": [], ""food_name"": ""oats_dry"", ""protein_g"": 5, ""sodium_mg"": 0, ""display_name"": ""Oatmeal (½ cup dry)"", ""max_servings"": 4, ""min_servings"": 0.5, ""serving_size"": ""½ cup dry (~40g)"", ""digestion_speed"": ""medium"", ""default_servings"": 1}, {""fat_g"": 0.4, ""carbs_g"": 27, ""food_id"": ""2a376d78-d356-45cc-8619-910d0fe7e02f"", ""calories"": 105, ""fluid_ml"": 88, ""allergens"": [], ""food_name"": ""banana"", ""protein_g"": 1.3, ""sodium_mg"": 1, ""display_name"": ""Banana"", ""max_servings"": 3, ""min_servings"": 0.5, ""serving_size"": ""1 medium"", ""digestion_speed"": ""fast"", ""default_servings"": 1}, {""fat_g"": 8.2, ""carbs_g"": 3.6, ""food_id"": ""ca3ef4be-a5a4-4e39-84cb-48a15ddfe413"", ""calories"": 94, ""fluid_ml"": 0, ""allergens"": [""peanuts""], ""food_name"": ""peanut_butter"", ""protein_g"": 3.6, ""sodium_mg"": 73, ""display_name"": ""Peanut Butter"", ""max_servings"": 2, ""min_servings"": 1, ""serving_size"": ""1 tbsp"", ""digestion_speed"": ""slow"", ""default_servings"": 1}]",57.6,9.9,11.1,74.0,288.0,349,unvalidated,true,99,2026-02-13 14:05:20.766793 +00:00,2026-02-20 17:11:55.441640 +00:00,"{keto,low_carb}","{oats_dry,banana,peanut_butter}"
60392d84-6604-45d6-863a-5fb49278774e,Sports Drink (alone),sports_drink_alone,before,< 30 min,0,30,top_up,Liquid-Forward,fast,{},~30-45g carbs. Electrolytes. The absolute minimum pre-workout fuel.,"[{""fat_g"": 0, ""carbs_g"": 14, ""food_id"": ""af14e3c2-ed27-4eea-8052-473fb8dcd23f"", ""calories"": 52, ""fluid_ml"": 237, ""allergens"": [], ""food_name"": ""sports_drink"", ""protein_g"": 0, ""sodium_mg"": 110, ""display_name"": ""Sports Drink"", ""max_servings"": 2.5, ""min_servings"": 2, ""serving_size"": ""1 cup (8 oz)"", ""digestion_speed"": ""fast"", ""default_servings"": 2}]",28.0,0.0,0.0,220.0,474.0,104,unvalidated,false,55,2026-02-13 14:05:20.766793 +00:00,2026-02-20 17:11:55.441640 +00:00,{},{sports_drink}
669db4d0-b052-46b4-8a09-ea4d630f25eb,Rice + Honey + Salt (DIY rice bar),rice_honey_salt_diy_rice_bar,before,30-90 min,30,90,snack,Rice-Based,fast,{},"Press into bars, wrap in foil. Popular in cycling for on-bike fuel.","[{""fat_g"": 0.4, ""carbs_g"": 45, ""food_id"": ""12a8462a-d407-4cd9-803f-dd79f9e1825d"", ""calories"": 206, ""fluid_ml"": 125, ""allergens"": [], ""food_name"": ""white_rice"", ""protein_g"": 4.3, ""sodium_mg"": 2, ""display_name"": ""White Rice (cooked)"", ""max_servings"": 4, ""min_servings"": 0.5, ""serving_size"": ""1 cup"", ""digestion_speed"": ""medium"", ""default_servings"": 1}, {""fat_g"": 0, ""carbs_g"": 17.3, ""food_id"": ""6e86dd85-506c-4157-84a8-4e44b5eeb4d4"", ""calories"": 64, ""fluid_ml"": 4, ""allergens"": [], ""food_name"": ""honey"", ""protein_g"": 0.1, ""sodium_mg"": 1, ""display_name"": ""Honey"", ""max_servings"": 4, ""min_servings"": 1, ""serving_size"": ""1 tbsp"", ""digestion_speed"": ""fast"", ""default_servings"": 1}, {""fat_g"": 0, ""carbs_g"": 0, ""food_id"": ""fc45bd47-7151-4dcd-8ee5-b6a1aed2ed51"", ""calories"": 0, ""fluid_ml"": 0, ""allergens"": [], ""food_name"": ""salt"", ""protein_g"": 0, ""sodium_mg"": 581, ""display_name"": ""Salt"", ""max_servings"": 2, ""min_servings"": 1, ""serving_size"": ""¼ tsp"", ""digestion_speed"": ""fast"", ""default_servings"": 1}]",62.3,4.4,0.4,584.0,129.0,270,unvalidated,true,72,2026-02-13 14:05:20.766793 +00:00,2026-02-20 17:11:55.441640 +00:00,"{keto,low_carb}","{white_rice,honey,salt}"
68d25a59-c72c-491e-85da-34bb432e9c1f,Banana + Honey,banana_honey,before,< 30 min,0,30,top_up,Banana-Anchored,fast,{},Extra fast carbs on top of banana. Good for high-intensity efforts.,"[{""fat_g"": 0.4, ""carbs_g"": 27, ""food_id"": ""2a376d78-d356-45cc-8619-910d0fe7e02f"", ""calories"": 105, ""fluid_ml"": 88, ""allergens"": [], ""food_name"": ""banana"", ""protein_g"": 1.3, ""sodium_mg"": 1, ""display_name"": ""Banana"", ""max_servings"": 3, ""min_servings"": 0.5, ""serving_size"": ""1 medium"", ""digestion_speed"": ""fast"", ""default_servings"": 1}, {""fat_g"": 0, ""carbs_g"": 17.3, ""food_id"": ""6e86dd85-506c-4157-84a8-4e44b5eeb4d4"", ""calories"": 64, ""fluid_ml"": 4, ""allergens"": [], ""food_name"": ""honey"", ""protein_g"": 0.1, ""sodium_mg"": 1, ""display_name"": ""Honey"", ""max_servings"": 4, ""min_servings"": 1, ""serving_size"": ""1 tbsp"", ""digestion_speed"": ""fast"", ""default_servings"": 1}]",44.3,1.4,0.4,2.0,92.0,169,unvalidated,true,42,2026-02-13 14:05:20.766793 +00:00,2026-02-20 17:11:55.441640 +00:00,{},"{banana,honey}"
6b43bded-812a-4f93-88b8-b9fdab3d0156,Toast + Jam,toast_jam,before,30-90 min,30,90,snack,Toast / Bread,fast,{gluten},Interchangeable with honey. Strawberry/grape most common.,"[{""fat_g"": 0.8, ""carbs_g"": 12.7, ""food_id"": ""652dd5d5-ad51-42d5-83cc-5ae4b709e77e"", ""calories"": 66, ""fluid_ml"": 0, ""allergens"": [""gluten""], ""food_name"": ""white_bread"", ""protein_g"": 1.8, ""sodium_mg"": 130, ""display_name"": ""Bread / Toast"", ""max_servings"": 2, ""min_servings"": 1, ""serving_size"": ""1 slice"", ""digestion_speed"": ""fast"", ""default_servings"": 1}, {""fat_g"": 0, ""carbs_g"": 13.8, ""food_id"": ""37b98830-2d22-402f-8254-6cdfc579c89d"", ""calories"": 56, ""fluid_ml"": 6, ""allergens"": [], ""food_name"": ""jam"", ""protein_g"": 0.1, ""sodium_mg"": 6, ""display_name"": ""Jam / Jelly"", ""max_servings"": 2, ""min_servings"": 1, ""serving_size"": ""1 tbsp"", ""digestion_speed"": ""fast"", ""default_servings"": 1}]",26.5,1.9,0.8,136.0,6.0,122,unvalidated,true,117,2026-02-13 14:05:20.766793 +00:00,2026-02-20 17:11:55.441640 +00:00,"{keto,low_carb,paleo}","{white_bread,jam}"
6c5bb145-c686-4e36-898e-35e913b64664,Pancakes + Syrup + Blueberries,pancakes_syrup_blueberries,before,1.5-3 hours,90,180,full_meal,Pancake / Waffle,medium,"{dairy,eggs,gluten}",Fruit adds micronutrients without much extra volume.,"[{""fat_g"": 7, ""carbs_g"": 22, ""food_id"": ""c4ef7542-abfc-41bd-8788-c4c82f3d997d"", ""calories"": 175, ""fluid_ml"": 40, ""allergens"": [""gluten"", ""eggs"", ""dairy""], ""food_name"": ""pancake"", ""protein_g"": 5, ""sodium_mg"": 226, ""display_name"": ""Pancake (medium 6\"")"", ""max_servings"": 4, ""min_servings"": 1, ""serving_size"": ""1 medium"", ""digestion_speed"": ""medium"", ""default_servings"": 2}, {""fat_g"": 0, ""carbs_g"": 13.4, ""food_id"": ""12c892e0-f6e8-47d3-83b4-32e89b7da4c2"", ""calories"": 52, ""fluid_ml"": 5, ""allergens"": [], ""food_name"": ""maple_syrup"", ""protein_g"": 0, ""sodium_mg"": 2, ""display_name"": ""Maple Syrup"", ""max_servings"": 4, ""min_servings"": 2, ""serving_size"": ""1 tbsp"", ""digestion_speed"": ""fast"", ""default_servings"": 2}, {""fat_g"": 0.2, ""carbs_g"": 10.7, ""food_id"": ""43b179ca-f1fc-488d-819f-a36b02b00709"", ""calories"": 42, ""fluid_ml"": 62, ""allergens"": [], ""food_name"": ""blueberries"", ""protein_g"": 0.6, ""sodium_mg"": 1, ""display_name"": ""Blueberries"", ""max_servings"": 3, ""min_servings"": 0.5, ""serving_size"": ""½ cup"", ""digestion_speed"": ""fast"", ""default_servings"": 1}]",81.5,10.6,14.2,457.0,152.0,496,unvalidated,true,61,2026-02-13 14:05:20.766793 +00:00,2026-02-20 17:11:55.441640 +00:00,"{keto,low_carb,paleo,vegan}","{pancake,maple_syrup,blueberries}"
463930de-0c15-4a5b-8204-d969823c8d90,Yogurt + Banana + Honey,yogurt_banana_honey,before,1.5-3 hours,90,180,full_meal,Yogurt,medium,{dairy},No granola = gluten-free option.,"[{""fat_g"": 4.7, ""carbs_g"": 17.4, ""food_id"": ""67f7093b-b0ff-4faa-81c5-d474c52818a2"", ""calories"": 149, ""fluid_ml"": 200, ""allergens"": [""dairy""], ""food_name"": ""yogurt"", ""protein_g"": 8.5, ""sodium_mg"": 172, ""display_name"": ""Yogurt (plain)"", ""max_servings"": 2, ""min_servings"": 0.5, ""serving_size"": ""1 cup"", ""digestion_speed"": ""medium"", ""default_servings"": 1}, {""fat_g"": 0.4, ""carbs_g"": 27, ""food_id"": ""2a376d78-d356-45cc-8619-910d0fe7e02f"", ""calories"": 105, ""fluid_ml"": 88, ""allergens"": [], ""food_name"": ""banana"", ""protein_g"": 1.3, ""sodium_mg"": 1, ""display_name"": ""Banana"", ""max_servings"": 3, ""min_servings"": 0.5, ""serving_size"": ""1 medium"", ""digestion_speed"": ""fast"", ""default_servings"": 1}, {""fat_g"": 0, ""carbs_g"": 17.3, ""food_id"": ""6e86dd85-506c-4157-84a8-4e44b5eeb4d4"", ""calories"": 64, ""fluid_ml"": 4, ""allergens"": [], ""food_name"": ""honey"", ""protein_g"": 0.1, ""sodium_mg"": 1, ""display_name"": ""Honey"", ""max_servings"": 4, ""min_servings"": 1, ""serving_size"": ""1 tbsp"", ""digestion_speed"": ""fast"", ""default_servings"": 1}]",61.7,9.9,5.1,174.0,292.0,318,unvalidated,true,66,2026-02-13 14:05:20.766793 +00:00,2026-02-20 17:11:55.441640 +00:00,"{paleo,vegan}","{yogurt,banana,honey}"
72fb4917-f3fd-406a-8ec5-664addb9d68b,Rice Cake + PB,rice_cake_pb,before,30-90 min,30,90,snack,Rice Cake,medium,{peanuts},"Light, fast-digesting base. PB adds staying power.","[{""fat_g"": 0.3, ""carbs_g"": 7.3, ""food_id"": ""0c891faf-e07c-4a39-8753-209014090cde"", ""calories"": 35, ""fluid_ml"": 0, ""allergens"": [], ""food_name"": ""rice_cake"", ""protein_g"": 0.7, ""sodium_mg"": 29, ""display_name"": ""Rice Cake (plain)"", ""max_servings"": 4, ""min_servings"": 1, ""serving_size"": ""1 cake"", ""digestion_speed"": ""fast"", ""default_servings"": 2}, {""fat_g"": 8.2, ""carbs_g"": 3.6, ""food_id"": ""ca3ef4be-a5a4-4e39-84cb-48a15ddfe413"", ""calories"": 94, ""fluid_ml"": 0, ""allergens"": [""peanuts""], ""food_name"": ""peanut_butter"", ""protein_g"": 3.6, ""sodium_mg"": 73, ""display_name"": ""Peanut Butter"", ""max_servings"": 2, ""min_servings"": 1, ""serving_size"": ""1 tbsp"", ""digestion_speed"": ""slow"", ""default_servings"": 1}]",18.2,5.0,8.8,131.0,0.0,164,unvalidated,true,69,2026-02-13 14:05:20.766793 +00:00,2026-02-20 17:11:55.441640 +00:00,"{keto,low_carb}","{rice_cake,peanut_butter}"
77b21049-1885-44f1-81ff-20aa502e7566,Bagel + Cream Cheese + Jam,bagel_cream_cheese_jam,before,1.5-3 hours,90,180,full_meal,Bagel,medium,"{dairy,gluten}",Lighter than PB-based bagel combos.,"[{""fat_g"": 1.5, ""carbs_g"": 53, ""food_id"": ""09deaae5-a7da-484c-87fe-55f387d619c6"", ""calories"": 275, ""fluid_ml"": 0, ""allergens"": [""gluten""], ""food_name"": ""bagel"", ""protein_g"": 11, ""sodium_mg"": 462, ""display_name"": ""Bagel (large)"", ""max_servings"": 2, ""min_servings"": 0.5, ""serving_size"": ""1 large"", ""digestion_speed"": ""medium"", ""default_servings"": 1}, {""fat_g"": 5.1, ""carbs_g"": 0.8, ""food_id"": ""e8678771-683b-4477-8d4d-012ed33554cd"", ""calories"": 51, ""fluid_ml"": 0, ""allergens"": [""dairy""], ""food_name"": ""cream_cheese"", ""protein_g"": 0.9, ""sodium_mg"": 47, ""display_name"": ""Cream Cheese"", ""max_servings"": 2, ""min_servings"": 1, ""serving_size"": ""1 tbsp"", ""digestion_speed"": ""slow"", ""default_servings"": 1}, {""fat_g"": 0, ""carbs_g"": 13.8, ""food_id"": ""37b98830-2d22-402f-8254-6cdfc579c89d"", ""calories"": 56, ""fluid_ml"": 6, ""allergens"": [], ""food_name"": ""jam"", ""protein_g"": 0.1, ""sodium_mg"": 6, ""display_name"": ""Jam / Jelly"", ""max_servings"": 2, ""min_servings"": 1, ""serving_size"": ""1 tbsp"", ""digestion_speed"": ""fast"", ""default_servings"": 1}]",67.6,12.0,6.6,515.0,6.0,382,unvalidated,true,12,2026-02-13 14:05:20.766793 +00:00,2026-02-20 17:11:55.441640 +00:00,"{keto,low_carb,paleo,vegan}","{bagel,cream_cheese,jam}"
78704ff3-1de1-4295-8d77-f83be130e687,Honey + PB Wrap,honey_pb_wrap,before,1.5-3 hours,90,180,full_meal,Sandwich / Wrap,medium,"{gluten,peanuts}",Rolls up. Easy to eat in car. ~55g carbs.,"[{""fat_g"": 3.5, ""carbs_g"": 24, ""food_id"": ""379900dd-9293-479d-835a-2ab866f8b1cb"", ""calories"": 140, ""fluid_ml"": 0, ""allergens"": [""gluten""], ""food_name"": ""flour_tortilla"", ""protein_g"": 3.6, ""sodium_mg"": 331, ""display_name"": ""Flour Tortilla"", ""max_servings"": 3, ""min_servings"": 0.5, ""serving_size"": ""1 medium (~45g)"", ""digestion_speed"": ""medium"", ""default_servings"": 1}, {""fat_g"": 8.2, ""carbs_g"": 3.6, ""food_id"": ""ca3ef4be-a5a4-4e39-84cb-48a15ddfe413"", ""calories"": 94, ""fluid_ml"": 0, ""allergens"": [""peanuts""], ""food_name"": ""peanut_butter"", ""protein_g"": 3.6, ""sodium_mg"": 73, ""display_name"": ""Peanut Butter"", ""max_servings"": 2, ""min_servings"": 1, ""serving_size"": ""1 tbsp"", ""digestion_speed"": ""slow"", ""default_servings"": 1}, {""fat_g"": 0, ""carbs_g"": 17.3, ""food_id"": ""6e86dd85-506c-4157-84a8-4e44b5eeb4d4"", ""calories"": 64, ""fluid_ml"": 4, ""allergens"": [], ""food_name"": ""honey"", ""protein_g"": 0.1, ""sodium_mg"": 1, ""display_name"": ""Honey"", ""max_servings"": 4, ""min_servings"": 1, ""serving_size"": ""1 tbsp"", ""digestion_speed"": ""fast"", ""default_servings"": 1}]",44.9,7.3,11.7,405.0,4.0,298,unvalidated,true,5,2026-02-13 14:05:20.766793 +00:00,2026-02-20 17:11:55.441640 +00:00,"{keto,low_carb,paleo}","{flour_tortilla,peanut_butter,honey}"
49853c52-0c88-45a3-8465-4e7792f46ad2,Oatmeal + Banana + Honey,oatmeal_banana_honey,before,1.5-3 hours,90,180,full_meal,Oatmeal,medium,{gluten},Extra carbs from honey. Good for higher carb targets.,"[{""fat_g"": 2.5, ""carbs_g"": 27, ""food_id"": ""b954fa74-4de5-4e76-8ab5-966a1b92d1cb"", ""calories"": 150, ""fluid_ml"": 200, ""allergens"": [], ""food_name"": ""oats_dry"", ""protein_g"": 5, ""sodium_mg"": 0, ""display_name"": ""Oatmeal (½ cup dry)"", ""max_servings"": 4, ""min_servings"": 0.5, ""serving_size"": ""½ cup dry (~40g)"", ""digestion_speed"": ""medium"", ""default_servings"": 1}, {""fat_g"": 0.4, ""carbs_g"": 27, ""food_id"": ""2a376d78-d356-45cc-8619-910d0fe7e02f"", ""calories"": 105, ""fluid_ml"": 88, ""allergens"": [], ""food_name"": ""banana"", ""protein_g"": 1.3, ""sodium_mg"": 1, ""display_name"": ""Banana"", ""max_servings"": 3, ""min_servings"": 0.5, ""serving_size"": ""1 medium"", ""digestion_speed"": ""fast"", ""default_servings"": 1}, {""fat_g"": 0, ""carbs_g"": 17.3, ""food_id"": ""6e86dd85-506c-4157-84a8-4e44b5eeb4d4"", ""calories"": 64, ""fluid_ml"": 4, ""allergens"": [], ""food_name"": ""honey"", ""protein_g"": 0.1, ""sodium_mg"": 1, ""display_name"": ""Honey"", ""max_servings"": 4, ""min_servings"": 1, ""serving_size"": ""1 tbsp"", ""digestion_speed"": ""fast"", ""default_servings"": 1}]",71.3,6.4,2.9,2.0,292.0,319,unvalidated,true,54,2026-02-13 14:05:20.766793 +00:00,2026-02-20 17:11:55.441640 +00:00,"{keto,low_carb}","{oats_dry,banana,honey}"
4a6111f2-4c53-4621-8bb2-a3b437034f9f,Bagel + Egg + Cheese,bagel_egg_cheese,before,3-4 hours,180,240,full_meal,Bagel,slow,"{dairy,eggs,gluten}",Full breakfast sandwich. Needs 3-4 hours. High protein + fat.,"[{""fat_g"": 1.5, ""carbs_g"": 53, ""food_id"": ""09deaae5-a7da-484c-87fe-55f387d619c6"", ""calories"": 275, ""fluid_ml"": 0, ""allergens"": [""gluten""], ""food_name"": ""bagel"", ""protein_g"": 11, ""sodium_mg"": 462, ""display_name"": ""Bagel (large)"", ""max_servings"": 2, ""min_servings"": 0.5, ""serving_size"": ""1 large"", ""digestion_speed"": ""medium"", ""default_servings"": 1}, {""fat_g"": 6.7, ""carbs_g"": 1, ""food_id"": ""b823506e-9822-4583-88df-a8517b4e7698"", ""calories"": 91, ""fluid_ml"": 0, ""allergens"": [""eggs""], ""food_name"": ""egg"", ""protein_g"": 6.1, ""sodium_mg"": 171, ""display_name"": ""Egg (scrambled)"", ""max_servings"": 2, ""min_servings"": 0.5, ""serving_size"": ""1 large"", ""digestion_speed"": ""slow"", ""default_servings"": 1}, {""fat_g"": 9, ""carbs_g"": 0.4, ""food_id"": ""e442c765-d977-411e-8fbe-7547ef10d84a"", ""calories"": 113, ""fluid_ml"": 0, ""allergens"": [""dairy""], ""food_name"": ""cheese_slice"", ""protein_g"": 7, ""sodium_mg"": 174, ""display_name"": ""Cheese (slice)"", ""max_servings"": 2, ""min_servings"": 1, ""serving_size"": ""1 slice"", ""digestion_speed"": ""slow"", ""default_servings"": 1}]",54.4,24.1,17.2,807.0,0.0,479,unvalidated,true,14,2026-02-13 14:05:20.766793 +00:00,2026-02-20 17:11:55.441640 +00:00,"{keto,low_carb,paleo,vegan}","{bagel,egg,cheese_slice}"
788e69b7-68e5-4581-8413-af655c037f07,Bagel + PB&J,bagel_pb_j,before,1.5-3 hours,90,180,full_meal,Bagel,medium,"{gluten,peanuts}",PB&J on a bagel. Higher carb than bread version.,"[{""fat_g"": 1.5, ""carbs_g"": 53, ""food_id"": ""09deaae5-a7da-484c-87fe-55f387d619c6"", ""calories"": 275, ""fluid_ml"": 0, ""allergens"": [""gluten""], ""food_name"": ""bagel"", ""protein_g"": 11, ""sodium_mg"": 462, ""display_name"": ""Bagel (large)"", ""max_servings"": 2, ""min_servings"": 0.5, ""serving_size"": ""1 large"", ""digestion_speed"": ""medium"", ""default_servings"": 1}, {""fat_g"": 8.2, ""carbs_g"": 3.6, ""food_id"": ""ca3ef4be-a5a4-4e39-84cb-48a15ddfe413"", ""calories"": 94, ""fluid_ml"": 0, ""allergens"": [""peanuts""], ""food_name"": ""peanut_butter"", ""protein_g"": 3.6, ""sodium_mg"": 73, ""display_name"": ""Peanut Butter"", ""max_servings"": 4, ""min_servings"": 2, ""serving_size"": ""1 tbsp"", ""digestion_speed"": ""slow"", ""default_servings"": 2}, {""fat_g"": 0, ""carbs_g"": 13.8, ""food_id"": ""37b98830-2d22-402f-8254-6cdfc579c89d"", ""calories"": 56, ""fluid_ml"": 6, ""allergens"": [], ""food_name"": ""jam"", ""protein_g"": 0.1, ""sodium_mg"": 6, ""display_name"": ""Jam / Jelly"", ""max_servings"": 2, ""min_servings"": 1, ""serving_size"": ""1 tbsp"", ""digestion_speed"": ""fast"", ""default_servings"": 1}]",74.0,18.3,17.9,614.0,6.0,519,unvalidated,true,2,2026-02-13 14:05:20.766793 +00:00,2026-02-20 17:11:55.441640 +00:00,"{keto,low_carb,paleo}","{bagel,peanut_butter,jam}"
81e6d162-8ada-4cc2-8aa9-890c6e6972ed,Banana + Granola Bar,banana_granola_bar,before,30-90 min,30,90,snack,Banana-Anchored,medium,{gluten},Portable combo. Check bar for nuts/dairy. ~50-60g carbs total.,"[{""fat_g"": 0.4, ""carbs_g"": 27, ""food_id"": ""2a376d78-d356-45cc-8619-910d0fe7e02f"", ""calories"": 105, ""fluid_ml"": 88, ""allergens"": [], ""food_name"": ""banana"", ""protein_g"": 1.3, ""sodium_mg"": 1, ""display_name"": ""Banana"", ""max_servings"": 3, ""min_servings"": 0.5, ""serving_size"": ""1 medium"", ""digestion_speed"": ""fast"", ""default_servings"": 1}, {""fat_g"": 7, ""carbs_g"": 29, ""food_id"": ""38de203a-f3ee-4515-82d7-148a97cfc08b"", ""calories"": 190, ""fluid_ml"": 0, ""allergens"": [""gluten""], ""food_name"": ""granola_bar"", ""protein_g"": 3, ""sodium_mg"": 105, ""display_name"": ""Granola Bar"", ""max_servings"": 3, ""min_servings"": 0.5, ""serving_size"": ""1 bar"", ""digestion_speed"": ""medium"", ""default_servings"": 1}]",56.0,4.3,7.4,106.0,88.0,295,unvalidated,true,6,2026-02-13 14:05:20.766793 +00:00,2026-02-20 17:11:55.441640 +00:00,"{keto,low_carb,paleo}","{banana,granola_bar}"
8234c493-2f5c-4b57-8b2f-18a39ef0c440,Cereal + Yogurt,cereal_yogurt,before,1.5-3 hours,90,180,full_meal,Cereal,medium,"{dairy,gluten}",Thicker/creamier than milk. More protein with Greek yogurt.,"[{""fat_g"": 0, ""carbs_g"": 24, ""food_id"": ""0f611e49-da7a-4e97-880f-bdf7ab3d09ef"", ""calories"": 100, ""fluid_ml"": 0, ""allergens"": [""gluten""], ""food_name"": ""cereal"", ""protein_g"": 2, ""sodium_mg"": 200, ""display_name"": ""Cereal (low-fiber type)"", ""max_servings"": 2, ""min_servings"": 0.5, ""serving_size"": ""1 cup"", ""digestion_speed"": ""fast"", ""default_servings"": 1}, {""fat_g"": 4.7, ""carbs_g"": 17.4, ""food_id"": ""67f7093b-b0ff-4faa-81c5-d474c52818a2"", ""calories"": 149, ""fluid_ml"": 200, ""allergens"": [""dairy""], ""food_name"": ""yogurt"", ""protein_g"": 8.5, ""sodium_mg"": 172, ""display_name"": ""Yogurt (plain)"", ""max_servings"": 2, ""min_servings"": 0.5, ""serving_size"": ""1 cup"", ""digestion_speed"": ""medium"", ""default_servings"": 1}]",41.4,10.5,4.7,372.0,200.0,249,unvalidated,true,36,2026-02-13 14:05:20.766793 +00:00,2026-02-20 17:11:55.441640 +00:00,"{keto,low_carb,paleo,vegan}","{cereal,yogurt}"
86ea1161-0f61-46bb-8a4c-53b8a82375be,Bagel + PB + Banana,bagel_pb_banana,before,1.5-3 hours,90,180,full_meal,Bagel,medium,"{gluten,peanuts}",Triathlete staple. ~80-100g carbs depending on bagel size.,"[{""fat_g"": 1.5, ""carbs_g"": 53, ""food_id"": ""09deaae5-a7da-484c-87fe-55f387d619c6"", ""calories"": 275, ""fluid_ml"": 0, ""allergens"": [""gluten""], ""food_name"": ""bagel"", ""protein_g"": 11, ""sodium_mg"": 462, ""display_name"": ""Bagel (large)"", ""max_servings"": 2, ""min_servings"": 0.5, ""serving_size"": ""1 large"", ""digestion_speed"": ""medium"", ""default_servings"": 1}, {""fat_g"": 8.2, ""carbs_g"": 3.6, ""food_id"": ""ca3ef4be-a5a4-4e39-84cb-48a15ddfe413"", ""calories"": 94, ""fluid_ml"": 0, ""allergens"": [""peanuts""], ""food_name"": ""peanut_butter"", ""protein_g"": 3.6, ""sodium_mg"": 73, ""display_name"": ""Peanut Butter"", ""max_servings"": 2, ""min_servings"": 1, ""serving_size"": ""1 tbsp"", ""digestion_speed"": ""slow"", ""default_servings"": 1}, {""fat_g"": 0.4, ""carbs_g"": 27, ""food_id"": ""2a376d78-d356-45cc-8619-910d0fe7e02f"", ""calories"": 105, ""fluid_ml"": 88, ""allergens"": [], ""food_name"": ""banana"", ""protein_g"": 1.3, ""sodium_mg"": 1, ""display_name"": ""Banana"", ""max_servings"": 3, ""min_servings"": 0.5, ""serving_size"": ""1 medium"", ""digestion_speed"": ""fast"", ""default_servings"": 1}]",83.6,15.9,10.1,536.0,88.0,474,unvalidated,true,31,2026-02-13 14:05:20.766793 +00:00,2026-02-20 17:11:55.441640 +00:00,"{keto,low_carb,paleo}","{bagel,peanut_butter,banana}"
880ee62e-2027-4521-8ec0-fe11d21e413c,Banana + Peanut Butter,banana_peanut_butter,before,30-90 min,30,90,snack,Banana-Anchored,medium,{peanuts},"Slice banana and spread PB, or just dip. Fat slows it to 45-90 min.","[{""fat_g"": 0.4, ""carbs_g"": 27, ""food_id"": ""2a376d78-d356-45cc-8619-910d0fe7e02f"", ""calories"": 105, ""fluid_ml"": 88, ""allergens"": [], ""food_name"": ""banana"", ""protein_g"": 1.3, ""sodium_mg"": 1, ""display_name"": ""Banana"", ""max_servings"": 3, ""min_servings"": 0.5, ""serving_size"": ""1 medium"", ""digestion_speed"": ""fast"", ""default_servings"": 1}, {""fat_g"": 8.2, ""carbs_g"": 3.6, ""food_id"": ""ca3ef4be-a5a4-4e39-84cb-48a15ddfe413"", ""calories"": 94, ""fluid_ml"": 0, ""allergens"": [""peanuts""], ""food_name"": ""peanut_butter"", ""protein_g"": 3.6, ""sodium_mg"": 73, ""display_name"": ""Peanut Butter"", ""max_servings"": 2, ""min_servings"": 1, ""serving_size"": ""1 tbsp"", ""digestion_speed"": ""slow"", ""default_servings"": 1}]",30.6,4.9,8.6,74.0,88.0,199,unvalidated,true,105,2026-02-13 14:05:20.766793 +00:00,2026-02-20 17:11:55.441640 +00:00,{},"{banana,peanut_butter}"
8d0a252b-6dd0-4bc2-8dfa-93b5578e61cf,Rice Cake + Honey,rice_cake_honey,before,30-90 min,30,90,snack,Rice Cake,fast,{},"Very simple, very fast. Almost zero fat/protein.","[{""fat_g"": 0.3, ""carbs_g"": 7.3, ""food_id"": ""0c891faf-e07c-4a39-8753-209014090cde"", ""calories"": 35, ""fluid_ml"": 0, ""allergens"": [], ""food_name"": ""rice_cake"", ""protein_g"": 0.7, ""sodium_mg"": 29, ""display_name"": ""Rice Cake (plain)"", ""max_servings"": 4, ""min_servings"": 1, ""serving_size"": ""1 cake"", ""digestion_speed"": ""fast"", ""default_servings"": 2}, {""fat_g"": 0, ""carbs_g"": 17.3, ""food_id"": ""6e86dd85-506c-4157-84a8-4e44b5eeb4d4"", ""calories"": 64, ""fluid_ml"": 4, ""allergens"": [], ""food_name"": ""honey"", ""protein_g"": 0.1, ""sodium_mg"": 1, ""display_name"": ""Honey"", ""max_servings"": 4, ""min_servings"": 1, ""serving_size"": ""1 tbsp"", ""digestion_speed"": ""fast"", ""default_servings"": 1}]",31.9,1.5,0.6,59.0,4.0,134,unvalidated,true,97,2026-02-13 14:05:20.766793 +00:00,2026-02-20 17:11:55.441640 +00:00,"{keto,low_carb}","{rice_cake,honey}"
20006835-95ac-4925-8580-5977272e084e,Toast + Egg,toast_egg,before,3-4 hours,180,240,full_meal,Toast / Bread,slow,"{eggs,gluten}",Protein-forward. Best for 3-4 hour window.,"[{""fat_g"": 0.8, ""carbs_g"": 12.7, ""food_id"": ""652dd5d5-ad51-42d5-83cc-5ae4b709e77e"", ""calories"": 66, ""fluid_ml"": 0, ""allergens"": [""gluten""], ""food_name"": ""white_bread"", ""protein_g"": 1.8, ""sodium_mg"": 130, ""display_name"": ""Bread / Toast"", ""max_servings"": 2, ""min_servings"": 1, ""serving_size"": ""1 slice"", ""digestion_speed"": ""fast"", ""default_servings"": 1}, {""fat_g"": 6.7, ""carbs_g"": 1, ""food_id"": ""b823506e-9822-4583-88df-a8517b4e7698"", ""calories"": 91, ""fluid_ml"": 0, ""allergens"": [""eggs""], ""food_name"": ""egg"", ""protein_g"": 6.1, ""sodium_mg"": 171, ""display_name"": ""Egg (scrambled)"", ""max_servings"": 2, ""min_servings"": 0.5, ""serving_size"": ""1 large"", ""digestion_speed"": ""slow"", ""default_servings"": 1}]",13.7,7.9,7.5,301.0,0.0,157,unvalidated,true,88,2026-02-13 14:05:20.766793 +00:00,2026-02-20 17:11:55.441640 +00:00,"{keto,low_carb,paleo,vegan}","{white_bread,egg}"
51e9660f-5e1c-497d-8fdd-254172098f4e,Chicken + Rice Wrap,chicken_rice_wrap,before,3-4 hours,180,240,full_meal,Sandwich / Wrap,slow,{gluten},Full meal. Needs 3-4 hours. High protein + sodium.,"[{""fat_g"": 3.5, ""carbs_g"": 24, ""food_id"": ""379900dd-9293-479d-835a-2ab866f8b1cb"", ""calories"": 140, ""fluid_ml"": 0, ""allergens"": [""gluten""], ""food_name"": ""flour_tortilla"", ""protein_g"": 3.6, ""sodium_mg"": 331, ""display_name"": ""Flour Tortilla"", ""max_servings"": 3, ""min_servings"": 0.5, ""serving_size"": ""1 medium (~45g)"", ""digestion_speed"": ""medium"", ""default_servings"": 1}, {""fat_g"": 3, ""carbs_g"": 0, ""food_id"": ""73790c5c-6ce3-4eec-8d02-7aed33b16957"", ""calories"": 140, ""fluid_ml"": 0, ""allergens"": [], ""food_name"": ""chicken"", ""protein_g"": 26, ""sodium_mg"": 63, ""display_name"": ""Chicken (cooked)"", ""max_servings"": 1, ""min_servings"": 1, ""serving_size"": ""3 oz"", ""digestion_speed"": ""slow"", ""default_servings"": 1}, {""fat_g"": 0.4, ""carbs_g"": 45, ""food_id"": ""12a8462a-d407-4cd9-803f-dd79f9e1825d"", ""calories"": 206, ""fluid_ml"": 125, ""allergens"": [], ""food_name"": ""white_rice"", ""protein_g"": 4.3, ""sodium_mg"": 2, ""display_name"": ""White Rice (cooked)"", ""max_servings"": 4, ""min_servings"": 0.25, ""serving_size"": ""1 cup"", ""digestion_speed"": ""medium"", ""default_servings"": 0.5}]",46.5,31.8,6.7,395.0,62.5,383,unvalidated,true,89,2026-02-13 14:05:20.766793 +00:00,2026-02-20 17:11:55.441640 +00:00,"{keto,low_carb,paleo,pescatarian,vegan,vegetarian}","{flour_tortilla,chicken,white_rice}"
888b6c6b-9e89-4626-8af5-043ca1b8b11c,Waffles + PB + Banana,waffles_pb_banana,before,3-4 hours,180,240,full_meal,Pancake / Waffle,slow,"{dairy,eggs,gluten,peanuts}",PB slows digestion. Needs 3+ hours.,"[{""fat_g"": 3, ""carbs_g"": 15.4, ""food_id"": ""65eb3b87-fbe8-4ab6-80ce-0018f3121807"", ""calories"": 95, ""fluid_ml"": 10, ""allergens"": [""gluten"", ""eggs"", ""dairy""], ""food_name"": ""toaster_waffle"", ""protein_g"": 2, ""sodium_mg"": 212, ""display_name"": ""Toaster Waffle"", ""max_servings"": 4, ""min_servings"": 1, ""serving_size"": ""1 waffle"", ""digestion_speed"": ""medium"", ""default_servings"": 2}, {""fat_g"": 8.2, ""carbs_g"": 3.6, ""food_id"": ""ca3ef4be-a5a4-4e39-84cb-48a15ddfe413"", ""calories"": 94, ""fluid_ml"": 0, ""allergens"": [""peanuts""], ""food_name"": ""peanut_butter"", ""protein_g"": 3.6, ""sodium_mg"": 73, ""display_name"": ""Peanut Butter"", ""max_servings"": 2, ""min_servings"": 1, ""serving_size"": ""1 tbsp"", ""digestion_speed"": ""slow"", ""default_servings"": 1}, {""fat_g"": 0.4, ""carbs_g"": 27, ""food_id"": ""2a376d78-d356-45cc-8619-910d0fe7e02f"", ""calories"": 105, ""fluid_ml"": 88, ""allergens"": [], ""food_name"": ""banana"", ""protein_g"": 1.3, ""sodium_mg"": 1, ""display_name"": ""Banana"", ""max_servings"": 3, ""min_servings"": 0.5, ""serving_size"": ""1 medium"", ""digestion_speed"": ""fast"", ""default_servings"": 1}]",61.4,8.9,14.6,498.0,108.0,389,unvalidated,true,95,2026-02-13 14:05:20.766793 +00:00,2026-02-20 17:11:55.441640 +00:00,"{keto,low_carb,paleo,vegan}","{toaster_waffle,peanut_butter,banana}"
951dbe90-1d1a-450d-89a9-3b31aed19b1c,Banana + Pretzels,banana_pretzels,before,30-90 min,30,90,snack,Banana-Anchored,fast,{gluten},Pretzels add sodium (~400mg). Great for hot weather.,"[{""fat_g"": 0.4, ""carbs_g"": 27, ""food_id"": ""2a376d78-d356-45cc-8619-910d0fe7e02f"", ""calories"": 105, ""fluid_ml"": 88, ""allergens"": [], ""food_name"": ""banana"", ""protein_g"": 1.3, ""sodium_mg"": 1, ""display_name"": ""Banana"", ""max_servings"": 3, ""min_servings"": 0.5, ""serving_size"": ""1 medium"", ""digestion_speed"": ""fast"", ""default_servings"": 1}, {""fat_g"": 1, ""carbs_g"": 23, ""food_id"": ""8ac09937-f522-44aa-894e-c45482a35993"", ""calories"": 108, ""fluid_ml"": 0, ""allergens"": [""gluten""], ""food_name"": ""pretzels"", ""protein_g"": 2.8, ""sodium_mg"": 385, ""display_name"": ""Pretzels"", ""max_servings"": 3, ""min_servings"": 0.5, ""serving_size"": ""1 oz"", ""digestion_speed"": ""fast"", ""default_servings"": 1}]",50.0,4.1,1.4,386.0,88.0,213,unvalidated,true,82,2026-02-13 14:05:20.766793 +00:00,2026-02-20 17:11:55.441640 +00:00,"{keto,low_carb,paleo}","{banana,pretzels}"
97100b46-9120-45a6-8309-53cd984db0ab,Toast + Honey,toast_honey,before,30-90 min,30,90,snack,Toast / Bread,fast,{gluten},"Simple, fast-digesting. Use white bread for faster absorption.","[{""fat_g"": 0.8, ""carbs_g"": 12.7, ""food_id"": ""652dd5d5-ad51-42d5-83cc-5ae4b709e77e"", ""calories"": 66, ""fluid_ml"": 0, ""allergens"": [""gluten""], ""food_name"": ""white_bread"", ""protein_g"": 1.8, ""sodium_mg"": 130, ""display_name"": ""Bread / Toast"", ""max_servings"": 2, ""min_servings"": 1, ""serving_size"": ""1 slice"", ""digestion_speed"": ""fast"", ""default_servings"": 1}, {""fat_g"": 0, ""carbs_g"": 17.3, ""food_id"": ""6e86dd85-506c-4157-84a8-4e44b5eeb4d4"", ""calories"": 64, ""fluid_ml"": 4, ""allergens"": [], ""food_name"": ""honey"", ""protein_g"": 0.1, ""sodium_mg"": 1, ""display_name"": ""Honey"", ""max_servings"": 4, ""min_servings"": 1, ""serving_size"": ""1 tbsp"", ""digestion_speed"": ""fast"", ""default_servings"": 1}]",30.0,1.9,0.8,131.0,4.0,130,unvalidated,true,85,2026-02-13 14:05:20.766793 +00:00,2026-02-20 17:11:55.441640 +00:00,"{keto,low_carb,paleo}","{white_bread,honey}"
91a8602c-bbb7-4412-8902-37ffcbb03f90,Banana + Sports Drink,banana_sports_drink,before,< 30 min,0,30,top_up,Banana-Anchored,fast,{},Dual carb sources + electrolytes. Great race-morning combo.,"[{""fat_g"": 0.4, ""carbs_g"": 27, ""food_id"": ""2a376d78-d356-45cc-8619-910d0fe7e02f"", ""calories"": 105, ""fluid_ml"": 88, ""allergens"": [], ""food_name"": ""banana"", ""protein_g"": 1.3, ""sodium_mg"": 1, ""display_name"": ""Banana"", ""max_servings"": 3, ""min_servings"": 0.5, ""serving_size"": ""1 medium"", ""digestion_speed"": ""fast"", ""default_servings"": 1}]",27.0,1.3,0.4,1.0,88.0,105,unvalidated,true,18,2026-02-13 14:05:20.766793 +00:00,2026-02-20 17:11:55.441640 +00:00,{},{banana}
9751774f-8a16-42ed-80f0-166952298a2a,Apple + Peanut Butter,apple_peanut_butter,before,1.5-3 hours,90,180,full_meal,Fruit-Forward,medium,{peanuts},"Apple skin = fiber, so needs time. PB adds fat. Good snack window.","[{""fat_g"": 0.3, ""carbs_g"": 25, ""food_id"": ""b59bc86a-6e35-44db-8a6e-597c3a5844b2"", ""calories"": 95, ""fluid_ml"": 156, ""allergens"": [], ""food_name"": ""apple"", ""protein_g"": 0.5, ""sodium_mg"": 2, ""display_name"": ""Apple (medium)"", ""max_servings"": 2, ""min_servings"": 0.5, ""serving_size"": ""1 medium"", ""digestion_speed"": ""medium"", ""default_servings"": 1}, {""fat_g"": 8.2, ""carbs_g"": 3.6, ""food_id"": ""ca3ef4be-a5a4-4e39-84cb-48a15ddfe413"", ""calories"": 94, ""fluid_ml"": 0, ""allergens"": [""peanuts""], ""food_name"": ""peanut_butter"", ""protein_g"": 3.6, ""sodium_mg"": 73, ""display_name"": ""Peanut Butter"", ""max_servings"": 2, ""min_servings"": 1, ""serving_size"": ""1 tbsp"", ""digestion_speed"": ""slow"", ""default_servings"": 1}]",28.6,4.1,8.5,75.0,156.0,189,unvalidated,true,121,2026-02-13 14:05:20.766793 +00:00,2026-02-20 17:11:55.441640 +00:00,{},"{apple,peanut_butter}"
45e095d1-370d-4b14-8e7e-30b54759a5f2,Applesauce Pouch + Sports Drink,applesauce_pouch_sports_drink,before,< 30 min,0,30,top_up,Quick Grab,fast,{},No chewing required. Good for nervous stomachs.,"[{""fat_g"": 0, ""carbs_g"": 11, ""food_id"": ""97642f6e-55df-4af5-8e5d-8e34bb9538d7"", ""calories"": 42, ""fluid_ml"": 77, ""allergens"": [], ""food_name"": ""applesauce_pouch"", ""protein_g"": 0.2, ""sodium_mg"": 3, ""display_name"": ""Applesauce Pouch"", ""max_servings"": 2, ""min_servings"": 0.5, ""serving_size"": ""1 pouch (90g)"", ""digestion_speed"": ""fast"", ""default_servings"": 1}]",11.0,0.2,0.0,3.0,77.0,42,unvalidated,true,101,2026-02-13 14:05:20.766793 +00:00,2026-02-20 17:11:55.441640 +00:00,{},{applesauce_pouch}
9c3fa575-c00e-4893-872b-6ebec4f4c75d,Banana + PB Wrap,banana_pb_wrap,before,1.5-3 hours,90,180,full_meal,Sandwich / Wrap,medium,"{gluten,peanuts}",Roll banana inside. ~65g carbs. Filling.,"[{""fat_g"": 3.5, ""carbs_g"": 24, ""food_id"": ""379900dd-9293-479d-835a-2ab866f8b1cb"", ""calories"": 140, ""fluid_ml"": 0, ""allergens"": [""gluten""], ""food_name"": ""flour_tortilla"", ""protein_g"": 3.6, ""sodium_mg"": 331, ""display_name"": ""Flour Tortilla"", ""max_servings"": 3, ""min_servings"": 0.5, ""serving_size"": ""1 medium (~45g)"", ""digestion_speed"": ""medium"", ""default_servings"": 1}, {""fat_g"": 8.2, ""carbs_g"": 3.6, ""food_id"": ""ca3ef4be-a5a4-4e39-84cb-48a15ddfe413"", ""calories"": 94, ""fluid_ml"": 0, ""allergens"": [""peanuts""], ""food_name"": ""peanut_butter"", ""protein_g"": 3.6, ""sodium_mg"": 73, ""display_name"": ""Peanut Butter"", ""max_servings"": 2, ""min_servings"": 1, ""serving_size"": ""1 tbsp"", ""digestion_speed"": ""slow"", ""default_servings"": 1}, {""fat_g"": 0.4, ""carbs_g"": 27, ""food_id"": ""2a376d78-d356-45cc-8619-910d0fe7e02f"", ""calories"": 105, ""fluid_ml"": 88, ""allergens"": [], ""food_name"": ""banana"", ""protein_g"": 1.3, ""sodium_mg"": 1, ""display_name"": ""Banana"", ""max_servings"": 3, ""min_servings"": 0.5, ""serving_size"": ""1 medium"", ""digestion_speed"": ""fast"", ""default_servings"": 1}]",54.6,8.5,12.1,405.0,88.0,339,unvalidated,true,1,2026-02-13 14:05:20.766793 +00:00,2026-02-20 17:11:55.441640 +00:00,"{keto,low_carb,paleo}","{flour_tortilla,peanut_butter,banana}"
a0c9bd1f-6de6-4bbd-8b6a-548c475c1b39,Toast + Avocado,toast_avocado,before,1.5-3 hours,90,180,full_meal,Toast / Bread,slow,{gluten},"High fat, needs full digestion window. Good sodium with salt.","[{""fat_g"": 0.8, ""carbs_g"": 12.7, ""food_id"": ""652dd5d5-ad51-42d5-83cc-5ae4b709e77e"", ""calories"": 66, ""fluid_ml"": 0, ""allergens"": [""gluten""], ""food_name"": ""white_bread"", ""protein_g"": 1.8, ""sodium_mg"": 130, ""display_name"": ""Bread / Toast"", ""max_servings"": 2, ""min_servings"": 1, ""serving_size"": ""1 slice"", ""digestion_speed"": ""fast"", ""default_servings"": 1}, {""fat_g"": 7.3, ""carbs_g"": 4.3, ""food_id"": ""b362bc80-6995-4821-87ab-0d715930fcf6"", ""calories"": 80, ""fluid_ml"": 37, ""allergens"": [], ""food_name"": ""avocado"", ""protein_g"": 1, ""sodium_mg"": 4, ""display_name"": ""Avocado"", ""max_servings"": 2, ""min_servings"": 1, ""serving_size"": ""¼ medium"", ""digestion_speed"": ""slow"", ""default_servings"": 1}, {""fat_g"": 0, ""carbs_g"": 0, ""food_id"": ""fc45bd47-7151-4dcd-8ee5-b6a1aed2ed51"", ""calories"": 0, ""fluid_ml"": 0, ""allergens"": [], ""food_name"": ""salt"", ""protein_g"": 0, ""sodium_mg"": 581, ""display_name"": ""Salt"", ""max_servings"": 1, ""min_servings"": 0.1, ""serving_size"": ""¼ tsp"", ""digestion_speed"": ""fast"", ""default_servings"": 0.25}]",17.0,2.8,8.1,279.3,37.0,146,unvalidated,true,100,2026-02-13 14:05:20.766793 +00:00,2026-02-20 17:11:55.441640 +00:00,"{keto,low_carb,paleo}","{white_bread,avocado,salt}"
4fa53c2d-c339-4598-8719-c0f86621bc81,Oatmeal + Apple + Cinnamon,oatmeal_apple_cinnamon,before,1.5-3 hours,90,180,full_meal,Oatmeal,medium,{gluten},Apple adds fiber — needs full window. Cinnamon may aid blood sugar.,"[{""fat_g"": 2.5, ""carbs_g"": 27, ""food_id"": ""b954fa74-4de5-4e76-8ab5-966a1b92d1cb"", ""calories"": 150, ""fluid_ml"": 200, ""allergens"": [], ""food_name"": ""oats_dry"", ""protein_g"": 5, ""sodium_mg"": 0, ""display_name"": ""Oatmeal (½ cup dry)"", ""max_servings"": 4, ""min_servings"": 0.5, ""serving_size"": ""½ cup dry (~40g)"", ""digestion_speed"": ""medium"", ""default_servings"": 1}, {""fat_g"": 0.3, ""carbs_g"": 25, ""food_id"": ""b59bc86a-6e35-44db-8a6e-597c3a5844b2"", ""calories"": 95, ""fluid_ml"": 156, ""allergens"": [], ""food_name"": ""apple"", ""protein_g"": 0.5, ""sodium_mg"": 2, ""display_name"": ""Apple (medium)"", ""max_servings"": 1, ""min_servings"": 0.25, ""serving_size"": ""1 medium"", ""digestion_speed"": ""medium"", ""default_servings"": 0.5}, {""fat_g"": 0, ""carbs_g"": 17.3, ""food_id"": ""6e86dd85-506c-4157-84a8-4e44b5eeb4d4"", ""calories"": 64, ""fluid_ml"": 4, ""allergens"": [], ""food_name"": ""honey"", ""protein_g"": 0.1, ""sodium_mg"": 1, ""display_name"": ""Honey"", ""max_servings"": 4, ""min_servings"": 0.17, ""serving_size"": ""1 tbsp"", ""digestion_speed"": ""fast"", ""default_servings"": 0.33}]",45.2,5.3,2.7,1.3,279.3,219,unvalidated,true,112,2026-02-13 14:05:20.766793 +00:00,2026-02-20 17:11:55.441640 +00:00,"{keto,low_carb}","{oats_dry,apple,honey}"
518fb6c3-b95d-4b6d-8ff2-723a84f789b9,Rice Cake + Nutella,rice_cake_nutella,before,30-90 min,30,90,snack,Rice Cake,medium,"{dairy,soy,tree_nuts}",Treat-like. Good for athletes who find rice cakes bland.,"[{""fat_g"": 0.3, ""carbs_g"": 7.3, ""food_id"": ""0c891faf-e07c-4a39-8753-209014090cde"", ""calories"": 35, ""fluid_ml"": 0, ""allergens"": [], ""food_name"": ""rice_cake"", ""protein_g"": 0.7, ""sodium_mg"": 29, ""display_name"": ""Rice Cake (plain)"", ""max_servings"": 4, ""min_servings"": 1, ""serving_size"": ""1 cake"", ""digestion_speed"": ""fast"", ""default_servings"": 2}, {""fat_g"": 6, ""carbs_g"": 11, ""food_id"": ""23c88349-e2df-485a-8dda-0e4fc96b2ba0"", ""calories"": 100, ""fluid_ml"": 0, ""allergens"": [""dairy"", ""soy"", ""tree_nuts""], ""food_name"": ""nutella"", ""protein_g"": 1, ""sodium_mg"": 8, ""display_name"": ""Nutella"", ""max_servings"": 2, ""min_servings"": 1, ""serving_size"": ""1 tbsp"", ""digestion_speed"": ""medium"", ""default_servings"": 1}]",25.6,2.4,6.6,66.0,0.0,170,unvalidated,true,26,2026-02-13 14:05:20.766793 +00:00,2026-02-20 17:11:55.441640 +00:00,"{keto,low_carb,paleo,vegan}","{rice_cake,nutella}"
a11d8e6c-5ad5-4696-8781-296b0605e213,White Rice + Soy Sauce + Egg,white_rice_soy_sauce_egg,before,1.5-3 hours,90,180,full_meal,Rice-Based,slow,"{eggs,soy}",Asian-style pre-race meal. Gluten-free (use tamari for GF soy sauce).,"[{""fat_g"": 0.4, ""carbs_g"": 45, ""food_id"": ""12a8462a-d407-4cd9-803f-dd79f9e1825d"", ""calories"": 206, ""fluid_ml"": 125, ""allergens"": [], ""food_name"": ""white_rice"", ""protein_g"": 4.3, ""sodium_mg"": 2, ""display_name"": ""White Rice (cooked)"", ""max_servings"": 4, ""min_servings"": 0.5, ""serving_size"": ""1 cup"", ""digestion_speed"": ""medium"", ""default_servings"": 1}, {""fat_g"": 0, ""carbs_g"": 0.9, ""food_id"": ""1485e7ff-326f-4adb-8415-9dbcd9dd802f"", ""calories"": 9, ""fluid_ml"": 13, ""allergens"": [""soy""], ""food_name"": ""soy_sauce"", ""protein_g"": 1.3, ""sodium_mg"": 879, ""display_name"": ""Soy Sauce"", ""max_servings"": 2, ""min_servings"": 1, ""serving_size"": ""1 tbsp"", ""digestion_speed"": ""fast"", ""default_servings"": 1}, {""fat_g"": 6.7, ""carbs_g"": 1, ""food_id"": ""b823506e-9822-4583-88df-a8517b4e7698"", ""calories"": 91, ""fluid_ml"": 0, ""allergens"": [""eggs""], ""food_name"": ""egg"", ""protein_g"": 6.1, ""sodium_mg"": 171, ""display_name"": ""Egg (scrambled)"", ""max_servings"": 2, ""min_servings"": 0.5, ""serving_size"": ""1 large"", ""digestion_speed"": ""slow"", ""default_servings"": 1}]",46.9,11.7,7.1,1052.0,138.0,306,unvalidated,true,57,2026-02-13 14:05:20.766793 +00:00,2026-02-20 17:11:55.441640 +00:00,"{keto,low_carb,paleo,vegan}","{white_rice,soy_sauce,egg}"
a36f9c83-15e1-4b82-8561-e7e81ddc5c48,OJ + Toast,oj_toast,before,30-90 min,30,90,snack,Liquid-Forward,fast,{gluten},Classic breakfast combo. OJ is high GI — fast energy.,"[{""fat_g"": 0.8, ""carbs_g"": 12.7, ""food_id"": ""652dd5d5-ad51-42d5-83cc-5ae4b709e77e"", ""calories"": 66, ""fluid_ml"": 0, ""allergens"": [""gluten""], ""food_name"": ""white_bread"", ""protein_g"": 1.8, ""sodium_mg"": 130, ""display_name"": ""Bread / Toast"", ""max_servings"": 2, ""min_servings"": 1, ""serving_size"": ""1 slice"", ""digestion_speed"": ""fast"", ""default_servings"": 1}]",12.7,1.8,0.8,130.0,0.0,66,unvalidated,true,80,2026-02-13 14:05:20.766793 +00:00,2026-02-20 17:11:55.441640 +00:00,"{keto,low_carb,paleo}",{white_bread}
d3d1616b-1e26-4353-8586-3a1bf491d070,Apple + Almond Butter,apple_almond_butter,before,1.5-3 hours,90,180,full_meal,Fruit-Forward,medium,{tree_nuts},Tree nut alternative. Same timing as PB version.,"[{""fat_g"": 0.3, ""carbs_g"": 25, ""food_id"": ""b59bc86a-6e35-44db-8a6e-597c3a5844b2"", ""calories"": 95, ""fluid_ml"": 156, ""allergens"": [], ""food_name"": ""apple"", ""protein_g"": 0.5, ""sodium_mg"": 2, ""display_name"": ""Apple (medium)"", ""max_servings"": 2, ""min_servings"": 0.5, ""serving_size"": ""1 medium"", ""digestion_speed"": ""medium"", ""default_servings"": 1}, {""fat_g"": 9, ""carbs_g"": 3, ""food_id"": ""b9af7791-a7b3-4ab3-815d-aac2acfbf34f"", ""calories"": 98, ""fluid_ml"": 0, ""allergens"": [""tree_nuts""], ""food_name"": ""almond_butter"", ""protein_g"": 3.4, ""sodium_mg"": 36, ""display_name"": ""Almond Butter"", ""max_servings"": 2, ""min_servings"": 1, ""serving_size"": ""1 tbsp"", ""digestion_speed"": ""slow"", ""default_servings"": 1}]",28.0,3.9,9.3,38.0,156.0,193,unvalidated,true,56,2026-02-13 14:05:20.766793 +00:00,2026-02-20 17:11:55.441640 +00:00,{},"{apple,almond_butter}"
e526ef39-4600-4a1c-867c-4591c295ca34,Toast + Peanut Butter,toast_peanut_butter,before,30-90 min,30,90,snack,Toast / Bread,medium,{gluten},Fat from PB slows digestion slightly. Good for 60-90 min window.,"[{""fat_g"": 0.8, ""carbs_g"": 12.7, ""food_id"": ""652dd5d5-ad51-42d5-83cc-5ae4b709e77e"", ""calories"": 66, ""fluid_ml"": 0, ""allergens"": [""gluten""], ""food_name"": ""white_bread"", ""protein_g"": 1.8, ""sodium_mg"": 130, ""display_name"": ""Bread / Toast"", ""max_servings"": 2, ""min_servings"": 1, ""serving_size"": ""1 slice"", ""digestion_speed"": ""fast"", ""default_servings"": 1}, {""fat_g"": 8.2, ""carbs_g"": 3.6, ""food_id"": ""ca3ef4be-a5a4-4e39-84cb-48a15ddfe413"", ""calories"": 94, ""fluid_ml"": 0, ""allergens"": [""peanuts""], ""food_name"": ""peanut_butter"", ""protein_g"": 3.6, ""sodium_mg"": 73, ""display_name"": ""Peanut Butter"", ""max_servings"": 2, ""min_servings"": 1, ""serving_size"": ""1 tbsp"", ""digestion_speed"": ""slow"", ""default_servings"": 1}]",16.3,5.4,9.0,203.0,0.0,160,unvalidated,true,7,2026-02-13 14:05:20.766793 +00:00,2026-02-20 17:11:55.441640 +00:00,"{keto,low_carb,paleo}","{white_bread,peanut_butter}"
ec1f8bfa-c39f-45e3-82f8-de592f961efd,Smoothie: Mango + Banana + OJ,smoothie_mango_banana_oj,before,30-90 min,30,90,snack,Smoothie,fast,{},Dairy-free. All fruit sugars. Very fast energy.,"[{""fat_g"": 0.3, ""carbs_g"": 12.5, ""food_id"": ""e9922d53-184f-4f16-808f-216078078c4f"", ""calories"": 50, ""fluid_ml"": 68, ""allergens"": [], ""food_name"": ""mango_fresh"", ""protein_g"": 0.7, ""sodium_mg"": 1, ""display_name"": ""Mango (fresh)"", ""max_servings"": 2, ""min_servings"": 0.5, ""serving_size"": ""½ cup"", ""digestion_speed"": ""fast"", ""default_servings"": 1}, {""fat_g"": 0.4, ""carbs_g"": 27, ""food_id"": ""2a376d78-d356-45cc-8619-910d0fe7e02f"", ""calories"": 105, ""fluid_ml"": 88, ""allergens"": [], ""food_name"": ""banana"", ""protein_g"": 1.3, ""sodium_mg"": 1, ""display_name"": ""Banana"", ""max_servings"": 3, ""min_servings"": 0.5, ""serving_size"": ""1 medium"", ""digestion_speed"": ""fast"", ""default_servings"": 1}, {""fat_g"": 0.5, ""carbs_g"": 26, ""food_id"": ""8e5ceb2a-c956-4c8d-8798-255eb6c048c3"", ""calories"": 111, ""fluid_ml"": 219, ""allergens"": [], ""food_name"": ""orange_juice"", ""protein_g"": 1.7, ""sodium_mg"": 2, ""display_name"": ""Orange Juice"", ""max_servings"": 2, ""min_servings"": 0.5, ""serving_size"": ""1 cup (8 oz)"", ""digestion_speed"": ""fast"", ""default_servings"": 1}]",65.5,3.7,1.2,4.0,375.0,266,unvalidated,true,76,2026-02-13 14:05:20.766793 +00:00,2026-02-20 17:18:42.054211 +00:00,{},"{mango_fresh,banana,orange_juice}"
f0644413-7e07-4595-8342-d3df14935988,Banana (alone),banana_alone,before,< 30 min,0,30,top_up,Banana-Anchored,fast,{},The ultimate last-minute fuel. ~27g carbs. Very forgiving on the stomach.,"[{""fat_g"": 0.4, ""carbs_g"": 27, ""food_id"": ""2a376d78-d356-45cc-8619-910d0fe7e02f"", ""calories"": 105, ""fluid_ml"": 88, ""allergens"": [], ""food_name"": ""banana"", ""protein_g"": 1.3, ""sodium_mg"": 1, ""display_name"": ""Banana"", ""max_servings"": 3, ""min_servings"": 0.5, ""serving_size"": ""1 medium"", ""digestion_speed"": ""fast"", ""default_servings"": 1}]",27.0,1.3,0.4,1.0,88.0,105,unvalidated,true,4,2026-02-13 14:05:20.766793 +00:00,2026-02-20 17:11:55.441640 +00:00,{},{banana}
fe7a83a0-c168-4b34-8e4d-ac22e121e431,Fig Bars + Sports Drink,fig_bars_sports_drink,before,30-90 min,30,90,snack,Quick Grab,fast,{gluten},"Low fat, fast carbs + electrolytes.","[{""fat_g"": 3, ""carbs_g"": 19, ""food_id"": ""811917ac-4a57-4294-81a3-09cbd414de9a"", ""calories"": 100, ""fluid_ml"": 4, ""allergens"": [""gluten""], ""food_name"": ""fig_bar"", ""protein_g"": 1.5, ""sodium_mg"": 60, ""display_name"": ""Fig Bar"", ""max_servings"": 4, ""min_servings"": 1, ""serving_size"": ""1 bar"", ""digestion_speed"": ""medium"", ""default_servings"": 2}]",38.0,3.0,6.0,120.0,8.0,200,unvalidated,true,13,2026-02-13 14:05:20.766793 +00:00,2026-02-20 17:11:55.441640 +00:00,"{keto,low_carb,paleo}",{fig_bar}
a8a7e873-12c0-4ca7-8042-c44da59f708e,Yogurt + Granola + Banana,yogurt_granola_banana,before,1.5-3 hours,90,180,full_meal,Yogurt,medium,"{dairy,gluten}",Full parfait. ~60-70g carbs.,"[{""fat_g"": 4.7, ""carbs_g"": 17.4, ""food_id"": ""67f7093b-b0ff-4faa-81c5-d474c52818a2"", ""calories"": 149, ""fluid_ml"": 200, ""allergens"": [""dairy""], ""food_name"": ""yogurt"", ""protein_g"": 8.5, ""sodium_mg"": 172, ""display_name"": ""Yogurt (plain)"", ""max_servings"": 2, ""min_servings"": 0.5, ""serving_size"": ""1 cup"", ""digestion_speed"": ""medium"", ""default_servings"": 1}, {""fat_g"": 6, ""carbs_g"": 17.5, ""food_id"": ""1c48768d-8775-49c0-8ba1-108129c607f2"", ""calories"": 131, ""fluid_ml"": 0, ""allergens"": [""gluten""], ""food_name"": ""granola"", ""protein_g"": 3, ""sodium_mg"": 7, ""display_name"": ""Granola"", ""max_servings"": 2, ""min_servings"": 1, ""serving_size"": ""¼ cup"", ""digestion_speed"": ""medium"", ""default_servings"": 1}, {""fat_g"": 0.4, ""carbs_g"": 27, ""food_id"": ""2a376d78-d356-45cc-8619-910d0fe7e02f"", ""calories"": 105, ""fluid_ml"": 88, ""allergens"": [], ""food_name"": ""banana"", ""protein_g"": 1.3, ""sodium_mg"": 1, ""display_name"": ""Banana"", ""max_servings"": 3, ""min_servings"": 0.5, ""serving_size"": ""1 medium"", ""digestion_speed"": ""fast"", ""default_servings"": 1}]",61.9,12.8,11.1,180.0,288.0,385,unvalidated,true,16,2026-02-13 14:05:20.766793 +00:00,2026-02-20 17:11:55.441640 +00:00,"{keto,low_carb,paleo,vegan}","{yogurt,granola,banana}"
f60861c5-2a23-4571-8f55-08fc8bd5af20,Dates + Graham Crackers,dates_graham_crackers,before,30-90 min,30,90,snack,Quick Grab,fast,{gluten},Graham crackers add starchy base. Rachel's suggested combo.,"[{""fat_g"": 0, ""carbs_g"": 18, ""food_id"": ""88343d31-ca35-4f69-8b33-586a788a8d7f"", ""calories"": 66, ""fluid_ml"": 5, ""allergens"": [], ""food_name"": ""dates"", ""protein_g"": 0.4, ""sodium_mg"": 0, ""display_name"": ""Dates (Medjool)"", ""max_servings"": 6, ""min_servings"": 1.5, ""serving_size"": ""1 date"", ""digestion_speed"": ""fast"", ""default_servings"": 3}, {""fat_g"": 2.8, ""carbs_g"": 21.5, ""food_id"": ""f5c3185a-08ed-4742-85d3-c906f66a2c5c"", ""calories"": 118, ""fluid_ml"": 0, ""allergens"": [""gluten""], ""food_name"": ""graham_crackers"", ""protein_g"": 2, ""sodium_mg"": 169, ""display_name"": ""Graham Crackers"", ""max_servings"": 3, ""min_servings"": 0.5, ""serving_size"": ""2 sheets"", ""digestion_speed"": ""fast"", ""default_servings"": 1}]",75.5,3.2,2.8,169.0,15.0,316,unvalidated,true,19,2026-02-13 14:05:20.766793 +00:00,2026-02-20 17:11:55.441640 +00:00,"{keto,low_carb,paleo}","{dates,graham_crackers}"
51d8e09a-db26-4bb3-818d-066138659063,PB&J on Toast,pb_j_on_toast,before,1.5-3 hours,90,180,full_meal,Toast / Bread,medium,"{gluten,peanuts}",The classic. Works as sandwich or open-faced.,"[{""fat_g"": 0.8, ""carbs_g"": 12.7, ""food_id"": ""652dd5d5-ad51-42d5-83cc-5ae4b709e77e"", ""calories"": 66, ""fluid_ml"": 0, ""allergens"": [""gluten""], ""food_name"": ""white_bread"", ""protein_g"": 1.8, ""sodium_mg"": 130, ""display_name"": ""Bread / Toast"", ""max_servings"": 4, ""min_servings"": 2, ""serving_size"": ""1 slice"", ""digestion_speed"": ""fast"", ""default_servings"": 2}, {""fat_g"": 8.2, ""carbs_g"": 3.6, ""food_id"": ""ca3ef4be-a5a4-4e39-84cb-48a15ddfe413"", ""calories"": 94, ""fluid_ml"": 0, ""allergens"": [""peanuts""], ""food_name"": ""peanut_butter"", ""protein_g"": 3.6, ""sodium_mg"": 73, ""display_name"": ""Peanut Butter"", ""max_servings"": 4, ""min_servings"": 2, ""serving_size"": ""1 tbsp"", ""digestion_speed"": ""slow"", ""default_servings"": 2}, {""fat_g"": 0, ""carbs_g"": 13.8, ""food_id"": ""37b98830-2d22-402f-8254-6cdfc579c89d"", ""calories"": 56, ""fluid_ml"": 6, ""allergens"": [], ""food_name"": ""jam"", ""protein_g"": 0.1, ""sodium_mg"": 6, ""display_name"": ""Jam / Jelly"", ""max_servings"": 2, ""min_servings"": 1, ""serving_size"": ""1 tbsp"", ""digestion_speed"": ""fast"", ""default_servings"": 1}]",46.4,10.9,18.0,412.0,6.0,376,unvalidated,true,58,2026-02-13 14:05:20.766793 +00:00,2026-02-20 17:11:55.441640 +00:00,"{keto,low_carb,paleo}","{white_bread,peanut_butter,jam}"
16073d59-5c41-4442-8c63-dd2973ff6eb7,Rice + Chicken + Teriyaki,rice_chicken_teriyaki,before,3-4 hours,180,240,full_meal,Rice-Based,slow,"{gluten,soy}",Full meal. Needs 3-4 hours. Good protein + sodium.,"[{""fat_g"": 0.4, ""carbs_g"": 45, ""food_id"": ""12a8462a-d407-4cd9-803f-dd79f9e1825d"", ""calories"": 206, ""fluid_ml"": 125, ""allergens"": [], ""food_name"": ""white_rice"", ""protein_g"": 4.3, ""sodium_mg"": 2, ""display_name"": ""White Rice (cooked)"", ""max_servings"": 4, ""min_servings"": 0.5, ""serving_size"": ""1 cup"", ""digestion_speed"": ""medium"", ""default_servings"": 1}, {""fat_g"": 3, ""carbs_g"": 0, ""food_id"": ""73790c5c-6ce3-4eec-8d02-7aed33b16957"", ""calories"": 140, ""fluid_ml"": 0, ""allergens"": [], ""food_name"": ""chicken"", ""protein_g"": 26, ""sodium_mg"": 63, ""display_name"": ""Chicken (cooked)"", ""max_servings"": 1.33, ""min_servings"": 1, ""serving_size"": ""3 oz"", ""digestion_speed"": ""slow"", ""default_servings"": 1}, {""fat_g"": 0, ""carbs_g"": 2.8, ""food_id"": ""ec7ce88b-c781-4d66-8611-e344fcce2d77"", ""calories"": 16, ""fluid_ml"": 12, ""allergens"": [""soy"", ""gluten""], ""food_name"": ""teriyaki_sauce"", ""protein_g"": 1.1, ""sodium_mg"": 690, ""display_name"": ""Teriyaki Sauce"", ""max_servings"": 2, ""min_servings"": 1, ""serving_size"": ""1 tbsp"", ""digestion_speed"": ""fast"", ""default_servings"": 1}]",47.8,31.4,3.4,755.0,137.0,362,unvalidated,true,59,2026-02-13 14:05:20.766793 +00:00,2026-02-20 17:11:55.441640 +00:00,"{keto,low_carb,paleo,pescatarian,vegan,vegetarian}","{white_rice,chicken,teriyaki_sauce}"
53caf16d-714a-429a-8ae6-9037eb47cd32,Rice Cake + PB + Honey,rice_cake_pb_honey,before,30-90 min,30,90,snack,Rice Cake,medium,{peanuts},Sweet/salty/crunchy. Very popular in cycling.,"[{""fat_g"": 0.3, ""carbs_g"": 7.3, ""food_id"": ""0c891faf-e07c-4a39-8753-209014090cde"", ""calories"": 35, ""fluid_ml"": 0, ""allergens"": [], ""food_name"": ""rice_cake"", ""protein_g"": 0.7, ""sodium_mg"": 29, ""display_name"": ""Rice Cake (plain)"", ""max_servings"": 4, ""min_servings"": 1, ""serving_size"": ""1 cake"", ""digestion_speed"": ""fast"", ""default_servings"": 2}, {""fat_g"": 8.2, ""carbs_g"": 3.6, ""food_id"": ""ca3ef4be-a5a4-4e39-84cb-48a15ddfe413"", ""calories"": 94, ""fluid_ml"": 0, ""allergens"": [""peanuts""], ""food_name"": ""peanut_butter"", ""protein_g"": 3.6, ""sodium_mg"": 73, ""display_name"": ""Peanut Butter"", ""max_servings"": 2, ""min_servings"": 1, ""serving_size"": ""1 tbsp"", ""digestion_speed"": ""slow"", ""default_servings"": 1}, {""fat_g"": 0, ""carbs_g"": 17.3, ""food_id"": ""6e86dd85-506c-4157-84a8-4e44b5eeb4d4"", ""calories"": 64, ""fluid_ml"": 4, ""allergens"": [], ""food_name"": ""honey"", ""protein_g"": 0.1, ""sodium_mg"": 1, ""display_name"": ""Honey"", ""max_servings"": 4, ""min_servings"": 1, ""serving_size"": ""1 tbsp"", ""digestion_speed"": ""fast"", ""default_servings"": 1}]",35.5,5.1,8.8,132.0,4.0,228,unvalidated,true,91,2026-02-13 14:05:20.766793 +00:00,2026-02-20 17:11:55.441640 +00:00,"{keto,low_carb}","{rice_cake,peanut_butter,honey}"
b3272999-ea6f-470e-89ae-8649d7f2f2c5,Pancakes + PB + Syrup,pancakes_pb_syrup,before,3-4 hours,180,240,full_meal,Pancake / Waffle,slow,"{dairy,eggs,gluten,peanuts}",Higher fat. Needs 3+ hours.,"[{""fat_g"": 7, ""carbs_g"": 22, ""food_id"": ""c4ef7542-abfc-41bd-8788-c4c82f3d997d"", ""calories"": 175, ""fluid_ml"": 40, ""allergens"": [""gluten"", ""eggs"", ""dairy""], ""food_name"": ""pancake"", ""protein_g"": 5, ""sodium_mg"": 226, ""display_name"": ""Pancake (medium 6\"")"", ""max_servings"": 4, ""min_servings"": 1, ""serving_size"": ""1 medium"", ""digestion_speed"": ""medium"", ""default_servings"": 2}, {""fat_g"": 8.2, ""carbs_g"": 3.6, ""food_id"": ""ca3ef4be-a5a4-4e39-84cb-48a15ddfe413"", ""calories"": 94, ""fluid_ml"": 0, ""allergens"": [""peanuts""], ""food_name"": ""peanut_butter"", ""protein_g"": 3.6, ""sodium_mg"": 73, ""display_name"": ""Peanut Butter"", ""max_servings"": 2, ""min_servings"": 1, ""serving_size"": ""1 tbsp"", ""digestion_speed"": ""slow"", ""default_servings"": 1}, {""fat_g"": 0, ""carbs_g"": 13.4, ""food_id"": ""12c892e0-f6e8-47d3-83b4-32e89b7da4c2"", ""calories"": 52, ""fluid_ml"": 5, ""allergens"": [], ""food_name"": ""maple_syrup"", ""protein_g"": 0, ""sodium_mg"": 2, ""display_name"": ""Maple Syrup"", ""max_servings"": 4, ""min_servings"": 2, ""serving_size"": ""1 tbsp"", ""digestion_speed"": ""fast"", ""default_servings"": 2}]",74.4,13.6,22.2,529.0,90.0,548,unvalidated,true,47,2026-02-13 14:05:20.766793 +00:00,2026-02-20 17:11:55.441640 +00:00,"{keto,low_carb,paleo,vegan}","{pancake,peanut_butter,maple_syrup}"
b46279ff-2f09-46ce-83e2-3b7e0fdc2878,Yogurt + Granola + Honey,yogurt_granola_honey,before,1.5-3 hours,90,180,full_meal,Yogurt,medium,"{dairy,gluten}",Extra carbs when fruit isn't available.,"[{""fat_g"": 4.7, ""carbs_g"": 17.4, ""food_id"": ""67f7093b-b0ff-4faa-81c5-d474c52818a2"", ""calories"": 149, ""fluid_ml"": 200, ""allergens"": [""dairy""], ""food_name"": ""yogurt"", ""protein_g"": 8.5, ""sodium_mg"": 172, ""display_name"": ""Yogurt (plain)"", ""max_servings"": 2, ""min_servings"": 0.5, ""serving_size"": ""1 cup"", ""digestion_speed"": ""medium"", ""default_servings"": 1}, {""fat_g"": 6, ""carbs_g"": 17.5, ""food_id"": ""1c48768d-8775-49c0-8ba1-108129c607f2"", ""calories"": 131, ""fluid_ml"": 0, ""allergens"": [""gluten""], ""food_name"": ""granola"", ""protein_g"": 3, ""sodium_mg"": 7, ""display_name"": ""Granola"", ""max_servings"": 2, ""min_servings"": 1, ""serving_size"": ""¼ cup"", ""digestion_speed"": ""medium"", ""default_servings"": 1}, {""fat_g"": 0, ""carbs_g"": 17.3, ""food_id"": ""6e86dd85-506c-4157-84a8-4e44b5eeb4d4"", ""calories"": 64, ""fluid_ml"": 4, ""allergens"": [], ""food_name"": ""honey"", ""protein_g"": 0.1, ""sodium_mg"": 1, ""display_name"": ""Honey"", ""max_servings"": 4, ""min_servings"": 1, ""serving_size"": ""1 tbsp"", ""digestion_speed"": ""fast"", ""default_servings"": 1}]",52.2,11.6,10.7,180.0,204.0,344,unvalidated,true,98,2026-02-13 14:05:20.766793 +00:00,2026-02-20 17:11:55.441640 +00:00,"{keto,low_carb,paleo,vegan}","{yogurt,granola,honey}"
10e9cae1-321f-4a17-87c9-a3c5939aca7f,Watermelon (alone),watermelon_alone,before,< 30 min,0,30,top_up,Fruit-Forward,fast,{},High water content = hydrating. ~23g carbs. Very low fiber.,"[{""fat_g"": 0.2, ""carbs_g"": 11.5, ""food_id"": ""e47ff518-6abe-454d-81f2-f7d81b409d83"", ""calories"": 46, ""fluid_ml"": 139, ""allergens"": [], ""food_name"": ""watermelon"", ""protein_g"": 0.9, ""sodium_mg"": 2, ""display_name"": ""Watermelon (cubed)"", ""max_servings"": 4, ""min_servings"": 1, ""serving_size"": ""1 cup cubed"", ""digestion_speed"": ""fast"", ""default_servings"": 2}]",23.0,1.8,0.4,4.0,278.0,92,unvalidated,true,115,2026-02-13 14:05:20.766793 +00:00,2026-02-20 17:11:55.441640 +00:00,{},{watermelon}
b9f11787-1cf1-4fdd-819b-1e9d0f92d6d3,Toast + Almond Butter + Banana,toast_almond_butter_banana,before,1.5-3 hours,90,180,full_meal,Toast / Bread,medium,"{gluten,tree_nuts}",Tree nut alternative to PB version.,"[{""fat_g"": 0.8, ""carbs_g"": 12.7, ""food_id"": ""652dd5d5-ad51-42d5-83cc-5ae4b709e77e"", ""calories"": 66, ""fluid_ml"": 0, ""allergens"": [""gluten""], ""food_name"": ""white_bread"", ""protein_g"": 1.8, ""sodium_mg"": 130, ""display_name"": ""Bread / Toast"", ""max_servings"": 2, ""min_servings"": 1, ""serving_size"": ""1 slice"", ""digestion_speed"": ""fast"", ""default_servings"": 1}, {""fat_g"": 9, ""carbs_g"": 3, ""food_id"": ""b9af7791-a7b3-4ab3-815d-aac2acfbf34f"", ""calories"": 98, ""fluid_ml"": 0, ""allergens"": [""tree_nuts""], ""food_name"": ""almond_butter"", ""protein_g"": 3.4, ""sodium_mg"": 36, ""display_name"": ""Almond Butter"", ""max_servings"": 2, ""min_servings"": 1, ""serving_size"": ""1 tbsp"", ""digestion_speed"": ""slow"", ""default_servings"": 1}, {""fat_g"": 0.4, ""carbs_g"": 27, ""food_id"": ""2a376d78-d356-45cc-8619-910d0fe7e02f"", ""calories"": 105, ""fluid_ml"": 88, ""allergens"": [], ""food_name"": ""banana"", ""protein_g"": 1.3, ""sodium_mg"": 1, ""display_name"": ""Banana"", ""max_servings"": 3, ""min_servings"": 0.5, ""serving_size"": ""1 medium"", ""digestion_speed"": ""fast"", ""default_servings"": 1}]",42.7,6.5,10.2,167.0,88.0,269,unvalidated,true,24,2026-02-13 14:05:20.766793 +00:00,2026-02-20 17:11:55.441640 +00:00,"{keto,low_carb,paleo}","{white_bread,almond_butter,banana}"
550dbd38-1d78-4f43-85e3-7ac8e0038f06,Yogurt + Mixed Berries,yogurt_mixed_berries,before,1.5-3 hours,90,180,full_meal,Yogurt,medium,{dairy},Light option. Lower carb than granola combos.,"[{""fat_g"": 4.7, ""carbs_g"": 17.4, ""food_id"": ""67f7093b-b0ff-4faa-81c5-d474c52818a2"", ""calories"": 149, ""fluid_ml"": 200, ""allergens"": [""dairy""], ""food_name"": ""yogurt"", ""protein_g"": 8.5, ""sodium_mg"": 172, ""display_name"": ""Yogurt (plain)"", ""max_servings"": 2, ""min_servings"": 0.5, ""serving_size"": ""1 cup"", ""digestion_speed"": ""medium"", ""default_servings"": 1}, {""fat_g"": 0.3, ""carbs_g"": 8.5, ""food_id"": ""05f6647c-646d-434a-8223-67bd51de9b2e"", ""calories"": 35, ""fluid_ml"": 60, ""allergens"": [], ""food_name"": ""mixed_berries"", ""protein_g"": 0.5, ""sodium_mg"": 1, ""display_name"": ""Mixed Berries"", ""max_servings"": 3, ""min_servings"": 0.5, ""serving_size"": ""½ cup"", ""digestion_speed"": ""fast"", ""default_servings"": 1}]",25.9,9.0,5.0,173.0,260.0,184,unvalidated,true,110,2026-02-13 14:05:20.766793 +00:00,2026-02-20 17:11:55.441640 +00:00,"{paleo,vegan}","{yogurt,mixed_berries}"
bd01844b-6999-469e-82b2-a6a1ba45d0c0,Pop-Tarts,pop_tarts,before,1.5-3 hours,90,180,full_meal,Quick Grab,medium,"{gluten,soy}","Yes, triathletes really eat these. ~70g carbs per packet. Low fat.","[{""fat_g"": 14, ""carbs_g"": 70, ""food_id"": ""f039fca6-fd00-4a2c-8981-0c50e276fec2"", ""calories"": 400, ""fluid_ml"": 0, ""allergens"": [""gluten"", ""soy""], ""food_name"": ""pop_tarts"", ""protein_g"": 4, ""sodium_mg"": 340, ""display_name"": ""Pop-Tarts"", ""max_servings"": 3, ""min_servings"": 0.5, ""serving_size"": ""1 packet (2 pastries)"", ""digestion_speed"": ""medium"", ""default_servings"": 1}]",70.0,4.0,14.0,340.0,0.0,400,unvalidated,true,33,2026-02-13 14:05:20.766793 +00:00,2026-02-20 17:11:55.441640 +00:00,"{keto,low_carb,paleo}",{pop_tarts}
c9d371ec-ace5-4d3f-8d0c-82646d1c5cc1,Pancakes + Syrup + Banana,pancakes_syrup_banana,before,1.5-3 hours,90,180,full_meal,Pancake / Waffle,medium,"{dairy,eggs,gluten}",Higher carb version. ~90-100g carbs.,"[{""fat_g"": 7, ""carbs_g"": 22, ""food_id"": ""c4ef7542-abfc-41bd-8788-c4c82f3d997d"", ""calories"": 175, ""fluid_ml"": 40, ""allergens"": [""gluten"", ""eggs"", ""dairy""], ""food_name"": ""pancake"", ""protein_g"": 5, ""sodium_mg"": 226, ""display_name"": ""Pancake (medium 6\"")"", ""max_servings"": 4, ""min_servings"": 1, ""serving_size"": ""1 medium"", ""digestion_speed"": ""medium"", ""default_servings"": 2}, {""fat_g"": 0, ""carbs_g"": 13.4, ""food_id"": ""12c892e0-f6e8-47d3-83b4-32e89b7da4c2"", ""calories"": 52, ""fluid_ml"": 5, ""allergens"": [], ""food_name"": ""maple_syrup"", ""protein_g"": 0, ""sodium_mg"": 2, ""display_name"": ""Maple Syrup"", ""max_servings"": 4, ""min_servings"": 2, ""serving_size"": ""1 tbsp"", ""digestion_speed"": ""fast"", ""default_servings"": 2}, {""fat_g"": 0.4, ""carbs_g"": 27, ""food_id"": ""2a376d78-d356-45cc-8619-910d0fe7e02f"", ""calories"": 105, ""fluid_ml"": 88, ""allergens"": [], ""food_name"": ""banana"", ""protein_g"": 1.3, ""sodium_mg"": 1, ""display_name"": ""Banana"", ""max_servings"": 3, ""min_servings"": 0.5, ""serving_size"": ""1 medium"", ""digestion_speed"": ""fast"", ""default_servings"": 1}]",97.8,11.3,14.4,457.0,178.0,559,unvalidated,true,21,2026-02-13 14:05:20.766793 +00:00,2026-02-20 17:11:55.441640 +00:00,"{keto,low_carb,paleo,vegan}","{pancake,maple_syrup,banana}"
c34346a9-d410-48e8-8a3a-a16ce32b6e7e,Pop-Tarts + Banana,pop_tarts_banana,before,1.5-3 hours,90,180,full_meal,Quick Grab,medium,"{gluten,soy}",~97g carbs total. Race morning classic for some athletes.,"[{""fat_g"": 14, ""carbs_g"": 70, ""food_id"": ""f039fca6-fd00-4a2c-8981-0c50e276fec2"", ""calories"": 400, ""fluid_ml"": 0, ""allergens"": [""gluten"", ""soy""], ""food_name"": ""pop_tarts"", ""protein_g"": 4, ""sodium_mg"": 340, ""display_name"": ""Pop-Tarts"", ""max_servings"": 3, ""min_servings"": 0.5, ""serving_size"": ""1 packet (2 pastries)"", ""digestion_speed"": ""medium"", ""default_servings"": 1}, {""fat_g"": 0.4, ""carbs_g"": 27, ""food_id"": ""2a376d78-d356-45cc-8619-910d0fe7e02f"", ""calories"": 105, ""fluid_ml"": 88, ""allergens"": [], ""food_name"": ""banana"", ""protein_g"": 1.3, ""sodium_mg"": 1, ""display_name"": ""Banana"", ""max_servings"": 3, ""min_servings"": 0.5, ""serving_size"": ""1 medium"", ""digestion_speed"": ""fast"", ""default_servings"": 1}]",97.0,5.3,14.4,341.0,88.0,505,unvalidated,true,96,2026-02-13 14:05:20.766793 +00:00,2026-02-20 17:11:55.441640 +00:00,"{keto,low_carb,paleo}","{pop_tarts,banana}"
cb1a9417-6a08-49ef-8e16-d52a13dd0d31,Graham Crackers + PB,graham_crackers_pb,before,30-90 min,30,90,snack,Quick Grab,medium,"{gluten,peanuts}",Slightly sweet base. Good texture combo.,"[{""fat_g"": 2.8, ""carbs_g"": 21.5, ""food_id"": ""f5c3185a-08ed-4742-85d3-c906f66a2c5c"", ""calories"": 118, ""fluid_ml"": 0, ""allergens"": [""gluten""], ""food_name"": ""graham_crackers"", ""protein_g"": 2, ""sodium_mg"": 169, ""display_name"": ""Graham Crackers"", ""max_servings"": 3, ""min_servings"": 0.5, ""serving_size"": ""2 sheets"", ""digestion_speed"": ""fast"", ""default_servings"": 1}, {""fat_g"": 8.2, ""carbs_g"": 3.6, ""food_id"": ""ca3ef4be-a5a4-4e39-84cb-48a15ddfe413"", ""calories"": 94, ""fluid_ml"": 0, ""allergens"": [""peanuts""], ""food_name"": ""peanut_butter"", ""protein_g"": 3.6, ""sodium_mg"": 73, ""display_name"": ""Peanut Butter"", ""max_servings"": 2, ""min_servings"": 1, ""serving_size"": ""1 tbsp"", ""digestion_speed"": ""slow"", ""default_servings"": 1}]",25.1,5.6,11.0,242.0,0.0,212,unvalidated,true,48,2026-02-13 14:05:20.766793 +00:00,2026-02-20 17:11:55.441640 +00:00,"{keto,low_carb,paleo}","{graham_crackers,peanut_butter}"
5554a85c-5eb6-46ff-8fea-84da845db971,Rice Cake + Cream Cheese + Jam,rice_cake_cream_cheese_jam,before,30-90 min,30,90,snack,Rice Cake,medium,{dairy},Gluten-free toast + cream cheese alternative.,"[{""fat_g"": 0.3, ""carbs_g"": 7.3, ""food_id"": ""0c891faf-e07c-4a39-8753-209014090cde"", ""calories"": 35, ""fluid_ml"": 0, ""allergens"": [], ""food_name"": ""rice_cake"", ""protein_g"": 0.7, ""sodium_mg"": 29, ""display_name"": ""Rice Cake (plain)"", ""max_servings"": 4, ""min_servings"": 1, ""serving_size"": ""1 cake"", ""digestion_speed"": ""fast"", ""default_servings"": 2}, {""fat_g"": 5.1, ""carbs_g"": 0.8, ""food_id"": ""e8678771-683b-4477-8d4d-012ed33554cd"", ""calories"": 51, ""fluid_ml"": 0, ""allergens"": [""dairy""], ""food_name"": ""cream_cheese"", ""protein_g"": 0.9, ""sodium_mg"": 47, ""display_name"": ""Cream Cheese"", ""max_servings"": 2, ""min_servings"": 1, ""serving_size"": ""1 tbsp"", ""digestion_speed"": ""slow"", ""default_servings"": 1}, {""fat_g"": 0, ""carbs_g"": 13.8, ""food_id"": ""37b98830-2d22-402f-8254-6cdfc579c89d"", ""calories"": 56, ""fluid_ml"": 6, ""allergens"": [], ""food_name"": ""jam"", ""protein_g"": 0.1, ""sodium_mg"": 6, ""display_name"": ""Jam / Jelly"", ""max_servings"": 2, ""min_servings"": 1, ""serving_size"": ""1 tbsp"", ""digestion_speed"": ""fast"", ""default_servings"": 1}]",29.2,2.4,5.7,111.0,6.0,177,unvalidated,true,71,2026-02-13 14:05:20.766793 +00:00,2026-02-20 17:11:55.441640 +00:00,"{keto,low_carb,paleo,vegan}","{rice_cake,cream_cheese,jam}"
588b3254-f7c5-4eca-83ac-fca0aa97af81,Rice Cake + PB + Banana,rice_cake_pb_banana,before,1.5-3 hours,90,180,full_meal,Rice Cake,medium,{peanuts},Full snack. ~48g carbs. Good 1-2 hour option.,"[{""fat_g"": 0.3, ""carbs_g"": 7.3, ""food_id"": ""0c891faf-e07c-4a39-8753-209014090cde"", ""calories"": 35, ""fluid_ml"": 0, ""allergens"": [], ""food_name"": ""rice_cake"", ""protein_g"": 0.7, ""sodium_mg"": 29, ""display_name"": ""Rice Cake (plain)"", ""max_servings"": 4, ""min_servings"": 1, ""serving_size"": ""1 cake"", ""digestion_speed"": ""fast"", ""default_servings"": 2}, {""fat_g"": 8.2, ""carbs_g"": 3.6, ""food_id"": ""ca3ef4be-a5a4-4e39-84cb-48a15ddfe413"", ""calories"": 94, ""fluid_ml"": 0, ""allergens"": [""peanuts""], ""food_name"": ""peanut_butter"", ""protein_g"": 3.6, ""sodium_mg"": 73, ""display_name"": ""Peanut Butter"", ""max_servings"": 2, ""min_servings"": 1, ""serving_size"": ""1 tbsp"", ""digestion_speed"": ""slow"", ""default_servings"": 1}, {""fat_g"": 0.4, ""carbs_g"": 27, ""food_id"": ""2a376d78-d356-45cc-8619-910d0fe7e02f"", ""calories"": 105, ""fluid_ml"": 88, ""allergens"": [], ""food_name"": ""banana"", ""protein_g"": 1.3, ""sodium_mg"": 1, ""display_name"": ""Banana"", ""max_servings"": 3, ""min_servings"": 0.5, ""serving_size"": ""1 medium"", ""digestion_speed"": ""fast"", ""default_servings"": 1}]",45.2,6.3,9.2,132.0,88.0,269,unvalidated,true,15,2026-02-13 14:05:20.766793 +00:00,2026-02-20 17:11:55.441640 +00:00,"{keto,low_carb}","{rice_cake,peanut_butter,banana}"
5b166be4-7706-4689-8ebe-54b1e7816f2f,Bagel + Nutella,bagel_nutella,before,1.5-3 hours,90,180,full_meal,Bagel,medium,"{dairy,gluten,soy,tree_nuts}",Very calorie-dense. Good for athletes who need high volume.,"[{""fat_g"": 1.5, ""carbs_g"": 53, ""food_id"": ""09deaae5-a7da-484c-87fe-55f387d619c6"", ""calories"": 275, ""fluid_ml"": 0, ""allergens"": [""gluten""], ""food_name"": ""bagel"", ""protein_g"": 11, ""sodium_mg"": 462, ""display_name"": ""Bagel (large)"", ""max_servings"": 2, ""min_servings"": 0.5, ""serving_size"": ""1 large"", ""digestion_speed"": ""medium"", ""default_servings"": 1}, {""fat_g"": 6, ""carbs_g"": 11, ""food_id"": ""23c88349-e2df-485a-8dda-0e4fc96b2ba0"", ""calories"": 100, ""fluid_ml"": 0, ""allergens"": [""dairy"", ""soy"", ""tree_nuts""], ""food_name"": ""nutella"", ""protein_g"": 1, ""sodium_mg"": 8, ""display_name"": ""Nutella"", ""max_servings"": 4, ""min_servings"": 2, ""serving_size"": ""1 tbsp"", ""digestion_speed"": ""medium"", ""default_servings"": 2}]",75.0,13.0,13.5,478.0,0.0,475,unvalidated,true,87,2026-02-13 14:05:20.766793 +00:00,2026-02-20 17:11:55.441640 +00:00,"{keto,low_carb,paleo,vegan}","{bagel,nutella}"
7e9feb20-b1e1-4f0d-82d0-528f0d19ec8b,Dates + Pretzels,dates_pretzels,before,30-90 min,30,90,snack,Quick Grab,fast,{gluten},Natural sugar + sodium combo. Cap at 4 dates (Rachel's note).,"[{""fat_g"": 0, ""carbs_g"": 18, ""food_id"": ""88343d31-ca35-4f69-8b33-586a788a8d7f"", ""calories"": 66, ""fluid_ml"": 5, ""allergens"": [], ""food_name"": ""dates"", ""protein_g"": 0.4, ""sodium_mg"": 0, ""display_name"": ""Dates (Medjool)"", ""max_servings"": 6, ""min_servings"": 1.5, ""serving_size"": ""1 date"", ""digestion_speed"": ""fast"", ""default_servings"": 3}, {""fat_g"": 1, ""carbs_g"": 23, ""food_id"": ""8ac09937-f522-44aa-894e-c45482a35993"", ""calories"": 108, ""fluid_ml"": 0, ""allergens"": [""gluten""], ""food_name"": ""pretzels"", ""protein_g"": 2.8, ""sodium_mg"": 385, ""display_name"": ""Pretzels"", ""max_servings"": 3, ""min_servings"": 0.5, ""serving_size"": ""1 oz"", ""digestion_speed"": ""fast"", ""default_servings"": 1}]",77.0,4.0,1.0,385.0,15.0,306,unvalidated,true,79,2026-02-13 14:05:20.766793 +00:00,2026-02-20 17:11:55.441640 +00:00,"{keto,low_carb,paleo}","{dates,pretzels}"
9664e73c-d10e-4864-8166-80f186aed1b1,Bagel + PB + Honey,bagel_pb_honey,before,1.5-3 hours,90,180,full_meal,Bagel,medium,"{gluten,peanuts}",Sweet/salty. Good sodium from bagel (~400mg).,"[{""fat_g"": 1.5, ""carbs_g"": 53, ""food_id"": ""09deaae5-a7da-484c-87fe-55f387d619c6"", ""calories"": 275, ""fluid_ml"": 0, ""allergens"": [""gluten""], ""food_name"": ""bagel"", ""protein_g"": 11, ""sodium_mg"": 462, ""display_name"": ""Bagel (large)"", ""max_servings"": 2, ""min_servings"": 0.5, ""serving_size"": ""1 large"", ""digestion_speed"": ""medium"", ""default_servings"": 1}, {""fat_g"": 8.2, ""carbs_g"": 3.6, ""food_id"": ""ca3ef4be-a5a4-4e39-84cb-48a15ddfe413"", ""calories"": 94, ""fluid_ml"": 0, ""allergens"": [""peanuts""], ""food_name"": ""peanut_butter"", ""protein_g"": 3.6, ""sodium_mg"": 73, ""display_name"": ""Peanut Butter"", ""max_servings"": 2, ""min_servings"": 1, ""serving_size"": ""1 tbsp"", ""digestion_speed"": ""slow"", ""default_servings"": 1}, {""fat_g"": 0, ""carbs_g"": 17.3, ""food_id"": ""6e86dd85-506c-4157-84a8-4e44b5eeb4d4"", ""calories"": 64, ""fluid_ml"": 4, ""allergens"": [], ""food_name"": ""honey"", ""protein_g"": 0.1, ""sodium_mg"": 1, ""display_name"": ""Honey"", ""max_servings"": 4, ""min_servings"": 1, ""serving_size"": ""1 tbsp"", ""digestion_speed"": ""fast"", ""default_servings"": 1}]",73.9,14.7,9.7,536.0,4.0,433,unvalidated,true,17,2026-02-13 14:05:20.766793 +00:00,2026-02-20 17:11:55.441640 +00:00,"{keto,low_carb,paleo}","{bagel,peanut_butter,honey}"
d08aaabc-b796-44a2-8a7b-82ab0ae5898f,Waffles + Nutella + Strawberries,waffles_nutella_strawberries,before,1.5-3 hours,90,180,full_meal,Pancake / Waffle,medium,"{dairy,eggs,gluten,soy,tree_nuts}",Dessert-like. Good for picky eaters or early mornings.,"[{""fat_g"": 3, ""carbs_g"": 15.4, ""food_id"": ""65eb3b87-fbe8-4ab6-80ce-0018f3121807"", ""calories"": 95, ""fluid_ml"": 10, ""allergens"": [""gluten"", ""eggs"", ""dairy""], ""food_name"": ""toaster_waffle"", ""protein_g"": 2, ""sodium_mg"": 212, ""display_name"": ""Toaster Waffle"", ""max_servings"": 4, ""min_servings"": 1, ""serving_size"": ""1 waffle"", ""digestion_speed"": ""medium"", ""default_servings"": 2}, {""fat_g"": 6, ""carbs_g"": 11, ""food_id"": ""23c88349-e2df-485a-8dda-0e4fc96b2ba0"", ""calories"": 100, ""fluid_ml"": 0, ""allergens"": [""dairy"", ""soy"", ""tree_nuts""], ""food_name"": ""nutella"", ""protein_g"": 1, ""sodium_mg"": 8, ""display_name"": ""Nutella"", ""max_servings"": 2, ""min_servings"": 1, ""serving_size"": ""1 tbsp"", ""digestion_speed"": ""medium"", ""default_servings"": 1}, {""fat_g"": 0.3, ""carbs_g"": 6.5, ""food_id"": ""8a59751b-34bc-4622-841c-cc08eda69d30"", ""calories"": 27, ""fluid_ml"": 76, ""allergens"": [], ""food_name"": ""strawberries"", ""protein_g"": 0.6, ""sodium_mg"": 1, ""display_name"": ""Strawberries (sliced)"", ""max_servings"": 3, ""min_servings"": 0.5, ""serving_size"": ""½ cup sliced"", ""digestion_speed"": ""fast"", ""default_servings"": 1}]",48.3,5.6,12.3,433.0,96.0,317,unvalidated,true,3,2026-02-13 14:05:20.766793 +00:00,2026-02-20 17:11:55.441640 +00:00,"{keto,low_carb,paleo,vegan}","{toaster_waffle,nutella,strawberries}"
d18081c8-ba2b-4068-843a-2368b71fd491,Dates + Almond Butter,dates_almond_butter,before,30-90 min,30,90,snack,Fruit-Forward,medium,{tree_nuts},Stuffed dates. Concentrated energy. Cap at 4 dates.,"[{""fat_g"": 0, ""carbs_g"": 18, ""food_id"": ""88343d31-ca35-4f69-8b33-586a788a8d7f"", ""calories"": 66, ""fluid_ml"": 5, ""allergens"": [], ""food_name"": ""dates"", ""protein_g"": 0.4, ""sodium_mg"": 0, ""display_name"": ""Dates (Medjool)"", ""max_servings"": 6, ""min_servings"": 1.5, ""serving_size"": ""1 date"", ""digestion_speed"": ""fast"", ""default_servings"": 3}, {""fat_g"": 9, ""carbs_g"": 3, ""food_id"": ""b9af7791-a7b3-4ab3-815d-aac2acfbf34f"", ""calories"": 98, ""fluid_ml"": 0, ""allergens"": [""tree_nuts""], ""food_name"": ""almond_butter"", ""protein_g"": 3.4, ""sodium_mg"": 36, ""display_name"": ""Almond Butter"", ""max_servings"": 2, ""min_servings"": 1, ""serving_size"": ""1 tbsp"", ""digestion_speed"": ""slow"", ""default_servings"": 1}]",57.0,4.6,9.0,36.0,15.0,296,unvalidated,true,52,2026-02-13 14:05:20.766793 +00:00,2026-02-20 17:11:55.441640 +00:00,{},"{dates,almond_butter}"
ad8bac74-06b1-4353-838c-a1dd9eebeaf6,Yogurt + Granola + Strawberries,yogurt_granola_strawberries,before,1.5-3 hours,90,180,full_meal,Yogurt,medium,"{dairy,gluten}",Strawberries lower calorie than banana.,"[{""fat_g"": 4.7, ""carbs_g"": 17.4, ""food_id"": ""67f7093b-b0ff-4faa-81c5-d474c52818a2"", ""calories"": 149, ""fluid_ml"": 200, ""allergens"": [""dairy""], ""food_name"": ""yogurt"", ""protein_g"": 8.5, ""sodium_mg"": 172, ""display_name"": ""Yogurt (plain)"", ""max_servings"": 2, ""min_servings"": 0.5, ""serving_size"": ""1 cup"", ""digestion_speed"": ""medium"", ""default_servings"": 1}, {""fat_g"": 6, ""carbs_g"": 17.5, ""food_id"": ""1c48768d-8775-49c0-8ba1-108129c607f2"", ""calories"": 131, ""fluid_ml"": 0, ""allergens"": [""gluten""], ""food_name"": ""granola"", ""protein_g"": 3, ""sodium_mg"": 7, ""display_name"": ""Granola"", ""max_servings"": 2, ""min_servings"": 1, ""serving_size"": ""¼ cup"", ""digestion_speed"": ""medium"", ""default_servings"": 1}, {""fat_g"": 0.3, ""carbs_g"": 6.5, ""food_id"": ""8a59751b-34bc-4622-841c-cc08eda69d30"", ""calories"": 27, ""fluid_ml"": 76, ""allergens"": [], ""food_name"": ""strawberries"", ""protein_g"": 0.6, ""sodium_mg"": 1, ""display_name"": ""Strawberries (sliced)"", ""max_servings"": 3, ""min_servings"": 0.5, ""serving_size"": ""½ cup sliced"", ""digestion_speed"": ""fast"", ""default_servings"": 1}]",41.4,12.1,11.0,180.0,276.0,307,unvalidated,true,37,2026-02-13 14:05:20.766793 +00:00,2026-02-20 17:11:55.441640 +00:00,"{keto,low_carb,paleo,vegan}","{yogurt,granola,strawberries}"
d1dd3ebc-3bec-461a-89eb-39c94052a345,Rice Cake + PB + Jelly,rice_cake_pb_jelly,before,30-90 min,30,90,snack,Rice Cake,medium,{peanuts},Open-faced PB&J. Lighter than bread version.,"[{""fat_g"": 0.3, ""carbs_g"": 7.3, ""food_id"": ""0c891faf-e07c-4a39-8753-209014090cde"", ""calories"": 35, ""fluid_ml"": 0, ""allergens"": [], ""food_name"": ""rice_cake"", ""protein_g"": 0.7, ""sodium_mg"": 29, ""display_name"": ""Rice Cake (plain)"", ""max_servings"": 4, ""min_servings"": 1, ""serving_size"": ""1 cake"", ""digestion_speed"": ""fast"", ""default_servings"": 2}, {""fat_g"": 8.2, ""carbs_g"": 3.6, ""food_id"": ""ca3ef4be-a5a4-4e39-84cb-48a15ddfe413"", ""calories"": 94, ""fluid_ml"": 0, ""allergens"": [""peanuts""], ""food_name"": ""peanut_butter"", ""protein_g"": 3.6, ""sodium_mg"": 73, ""display_name"": ""Peanut Butter"", ""max_servings"": 2, ""min_servings"": 1, ""serving_size"": ""1 tbsp"", ""digestion_speed"": ""slow"", ""default_servings"": 1}, {""fat_g"": 0, ""carbs_g"": 13.8, ""food_id"": ""37b98830-2d22-402f-8254-6cdfc579c89d"", ""calories"": 56, ""fluid_ml"": 6, ""allergens"": [], ""food_name"": ""jam"", ""protein_g"": 0.1, ""sodium_mg"": 6, ""display_name"": ""Jam / Jelly"", ""max_servings"": 2, ""min_servings"": 1, ""serving_size"": ""1 tbsp"", ""digestion_speed"": ""fast"", ""default_servings"": 1}]",32.0,5.1,8.8,137.0,6.0,220,unvalidated,true,81,2026-02-13 14:05:20.766793 +00:00,2026-02-20 17:11:55.441640 +00:00,"{keto,low_carb}","{rice_cake,peanut_butter,jam}"
71149b8f-b4f7-4a6c-8cee-ad6b68586304,Pancakes + Syrup,pancakes_syrup,before,1.5-3 hours,90,180,full_meal,Pancake / Waffle,medium,"{dairy,eggs,gluten}",Classic. ~70-80g carbs. Most pancake batters contain egg + dairy.,"[{""fat_g"": 7, ""carbs_g"": 22, ""food_id"": ""c4ef7542-abfc-41bd-8788-c4c82f3d997d"", ""calories"": 175, ""fluid_ml"": 40, ""allergens"": [""gluten"", ""eggs"", ""dairy""], ""food_name"": ""pancake"", ""protein_g"": 5, ""sodium_mg"": 226, ""display_name"": ""Pancake (medium 6\"")"", ""max_servings"": 4, ""min_servings"": 1, ""serving_size"": ""1 medium"", ""digestion_speed"": ""medium"", ""default_servings"": 2}, {""fat_g"": 0, ""carbs_g"": 13.4, ""food_id"": ""12c892e0-f6e8-47d3-83b4-32e89b7da4c2"", ""calories"": 52, ""fluid_ml"": 5, ""allergens"": [], ""food_name"": ""maple_syrup"", ""protein_g"": 0, ""sodium_mg"": 2, ""display_name"": ""Maple Syrup"", ""max_servings"": 4, ""min_servings"": 2, ""serving_size"": ""1 tbsp"", ""digestion_speed"": ""fast"", ""default_servings"": 2}]",70.8,10.0,14.0,456.0,90.0,454,unvalidated,true,51,2026-02-13 14:05:20.766793 +00:00,2026-02-20 17:11:55.441640 +00:00,"{keto,low_carb,paleo,vegan}","{pancake,maple_syrup}"
d1f4d11d-47ba-4b75-8f77-5e3b0ccb8dfa,Sweet Potato + Cinnamon + Honey,sweet_potato_cinnamon_honey,before,1.5-3 hours,90,180,full_meal,Potato-Based,medium,{},Naturally sweet. High in beta-carotene. GF.,"[{""fat_g"": 0.1, ""carbs_g"": 24, ""food_id"": ""a4020770-5940-4461-8d08-8ca865750379"", ""calories"": 103, ""fluid_ml"": 82, ""allergens"": [], ""food_name"": ""sweet_potato"", ""protein_g"": 2.3, ""sodium_mg"": 41, ""display_name"": ""Sweet Potato (baked)"", ""max_servings"": 2, ""min_servings"": 0.5, ""serving_size"": ""1 medium"", ""digestion_speed"": ""medium"", ""default_servings"": 1}, {""fat_g"": 0, ""carbs_g"": 17.3, ""food_id"": ""6e86dd85-506c-4157-84a8-4e44b5eeb4d4"", ""calories"": 64, ""fluid_ml"": 4, ""allergens"": [], ""food_name"": ""honey"", ""protein_g"": 0.1, ""sodium_mg"": 1, ""display_name"": ""Honey"", ""max_servings"": 4, ""min_servings"": 1, ""serving_size"": ""1 tbsp"", ""digestion_speed"": ""fast"", ""default_servings"": 1}]",41.3,2.4,0.1,42.0,86.0,167,unvalidated,true,35,2026-02-13 14:05:20.766793 +00:00,2026-02-20 17:11:55.441640 +00:00,"{keto,low_carb}","{sweet_potato,honey}"
d5a8d1fe-3fe9-4760-8796-1b73c8c871a9,Coffee + Banana,coffee_banana,before,30-90 min,30,90,snack,Liquid-Forward,fast,{},"Caffeine + carbs. Banana is the food, coffee is the performance boost.","[{""fat_g"": 0.4, ""carbs_g"": 27, ""food_id"": ""2a376d78-d356-45cc-8619-910d0fe7e02f"", ""calories"": 105, ""fluid_ml"": 88, ""allergens"": [], ""food_name"": ""banana"", ""protein_g"": 1.3, ""sodium_mg"": 1, ""display_name"": ""Banana"", ""max_servings"": 3, ""min_servings"": 0.5, ""serving_size"": ""1 medium"", ""digestion_speed"": ""fast"", ""default_servings"": 1}]",27.0,1.3,0.4,1.0,88.0,105,unvalidated,true,43,2026-02-13 14:05:20.766793 +00:00,2026-02-20 17:11:55.441640 +00:00,{},{banana}
d95894e9-9d02-4bd4-899f-13cffdb0ccaa,Dried Mango + Pretzels,dried_mango_pretzels,before,30-90 min,30,90,snack,Fruit-Forward,fast,{gluten},Sweet/salty combo. Pretzels add sodium.,"[{""fat_g"": 0.5, ""carbs_g"": 31, ""food_id"": ""e563c5b2-7720-4d12-8b5b-93accc976af0"", ""calories"": 128, ""fluid_ml"": 2, ""allergens"": [], ""food_name"": ""dried_mango"", ""protein_g"": 1, ""sodium_mg"": 44, ""display_name"": ""Dried Mango"", ""max_servings"": 2, ""min_servings"": 1, ""serving_size"": ""¼ cup"", ""digestion_speed"": ""fast"", ""default_servings"": 1}, {""fat_g"": 1, ""carbs_g"": 23, ""food_id"": ""8ac09937-f522-44aa-894e-c45482a35993"", ""calories"": 108, ""fluid_ml"": 0, ""allergens"": [""gluten""], ""food_name"": ""pretzels"", ""protein_g"": 2.8, ""sodium_mg"": 385, ""display_name"": ""Pretzels"", ""max_servings"": 3, ""min_servings"": 0.5, ""serving_size"": ""1 oz"", ""digestion_speed"": ""fast"", ""default_servings"": 1}]",54.0,3.8,1.5,429.0,2.0,236,unvalidated,true,86,2026-02-13 14:05:20.766793 +00:00,2026-02-20 17:11:55.441640 +00:00,"{keto,low_carb,paleo}","{dried_mango,pretzels}"
dcd46cbe-c6a9-40f6-85fd-aadae147a1eb,Toast + PB + Honey,toast_pb_honey,before,1.5-3 hours,90,180,full_meal,Toast / Bread,medium,{gluten},Sweet/salty combo. Honey adds quick energy on top of sustained PB.,"[{""fat_g"": 0.8, ""carbs_g"": 12.7, ""food_id"": ""652dd5d5-ad51-42d5-83cc-5ae4b709e77e"", ""calories"": 66, ""fluid_ml"": 0, ""allergens"": [""gluten""], ""food_name"": ""white_bread"", ""protein_g"": 1.8, ""sodium_mg"": 130, ""display_name"": ""Bread / Toast"", ""max_servings"": 2, ""min_servings"": 1, ""serving_size"": ""1 slice"", ""digestion_speed"": ""fast"", ""default_servings"": 1}, {""fat_g"": 8.2, ""carbs_g"": 3.6, ""food_id"": ""ca3ef4be-a5a4-4e39-84cb-48a15ddfe413"", ""calories"": 94, ""fluid_ml"": 0, ""allergens"": [""peanuts""], ""food_name"": ""peanut_butter"", ""protein_g"": 3.6, ""sodium_mg"": 73, ""display_name"": ""Peanut Butter"", ""max_servings"": 2, ""min_servings"": 1, ""serving_size"": ""1 tbsp"", ""digestion_speed"": ""slow"", ""default_servings"": 1}, {""fat_g"": 0, ""carbs_g"": 17.3, ""food_id"": ""6e86dd85-506c-4157-84a8-4e44b5eeb4d4"", ""calories"": 64, ""fluid_ml"": 4, ""allergens"": [], ""food_name"": ""honey"", ""protein_g"": 0.1, ""sodium_mg"": 1, ""display_name"": ""Honey"", ""max_servings"": 4, ""min_servings"": 1, ""serving_size"": ""1 tbsp"", ""digestion_speed"": ""fast"", ""default_servings"": 1}]",33.6,5.5,9.0,204.0,4.0,224,unvalidated,true,73,2026-02-13 14:05:20.766793 +00:00,2026-02-20 17:11:55.441640 +00:00,"{keto,low_carb,paleo}","{white_bread,peanut_butter,honey}"
e5cda3d7-3402-4673-812c-44652cc50fb8,Turkey + Cheese Sandwich,turkey_cheese_sandwich,before,3-4 hours,180,240,full_meal,Sandwich / Wrap,slow,"{dairy,gluten}",Full meal. Needs 3-4 hours. High protein. Good sodium from deli meat.,"[{""fat_g"": 0.8, ""carbs_g"": 12.7, ""food_id"": ""652dd5d5-ad51-42d5-83cc-5ae4b709e77e"", ""calories"": 66, ""fluid_ml"": 0, ""allergens"": [""gluten""], ""food_name"": ""white_bread"", ""protein_g"": 1.8, ""sodium_mg"": 130, ""display_name"": ""Bread / Toast"", ""max_servings"": 4, ""min_servings"": 2, ""serving_size"": ""1 slice"", ""digestion_speed"": ""fast"", ""default_servings"": 2}, {""fat_g"": 1.5, ""carbs_g"": 2, ""food_id"": ""cc0b44b0-24cb-418b-898f-d52ed9c2422e"", ""calories"": 89, ""fluid_ml"": 0, ""allergens"": [], ""food_name"": ""turkey_deli"", ""protein_g"": 15, ""sodium_mg"": 744, ""display_name"": ""Turkey (deli)"", ""max_servings"": 1, ""min_servings"": 1, ""serving_size"": ""3 oz"", ""digestion_speed"": ""slow"", ""default_servings"": 1}, {""fat_g"": 9, ""carbs_g"": 0.4, ""food_id"": ""e442c765-d977-411e-8fbe-7547ef10d84a"", ""calories"": 113, ""fluid_ml"": 0, ""allergens"": [""dairy""], ""food_name"": ""cheese_slice"", ""protein_g"": 7, ""sodium_mg"": 174, ""display_name"": ""Cheese (slice)"", ""max_servings"": 2, ""min_servings"": 1, ""serving_size"": ""1 slice"", ""digestion_speed"": ""slow"", ""default_servings"": 1}, {""fat_g"": 0.2, ""carbs_g"": 0.3, ""food_id"": ""172daf32-2595-4394-8bd4-ba32bbed9e8e"", ""calories"": 3, ""fluid_ml"": 4, ""allergens"": [], ""food_name"": ""mustard"", ""protein_g"": 0.2, ""sodium_mg"": 57, ""display_name"": ""Mustard"", ""max_servings"": 2, ""min_servings"": 0.5, ""serving_size"": ""1 tsp"", ""digestion_speed"": ""fast"", ""default_servings"": 1}]",28.1,25.8,12.3,1235.0,4.0,337,unvalidated,true,119,2026-02-13 14:05:20.766793 +00:00,2026-02-20 17:11:55.441640 +00:00,"{keto,low_carb,paleo,pescatarian,vegan,vegetarian}","{white_bread,turkey_deli,cheese_slice,mustard}"
e71558da-3b4b-412d-877e-24c43df5a913,Bagel + Peanut Butter,bagel_peanut_butter,before,1.5-3 hours,90,180,full_meal,Bagel,medium,"{gluten,peanuts}",Very calorie-dense. Good for long/hard efforts.,"[{""fat_g"": 1.5, ""carbs_g"": 53, ""food_id"": ""09deaae5-a7da-484c-87fe-55f387d619c6"", ""calories"": 275, ""fluid_ml"": 0, ""allergens"": [""gluten""], ""food_name"": ""bagel"", ""protein_g"": 11, ""sodium_mg"": 462, ""display_name"": ""Bagel (large)"", ""max_servings"": 2, ""min_servings"": 0.5, ""serving_size"": ""1 large"", ""digestion_speed"": ""medium"", ""default_servings"": 1}, {""fat_g"": 8.2, ""carbs_g"": 3.6, ""food_id"": ""ca3ef4be-a5a4-4e39-84cb-48a15ddfe413"", ""calories"": 94, ""fluid_ml"": 0, ""allergens"": [""peanuts""], ""food_name"": ""peanut_butter"", ""protein_g"": 3.6, ""sodium_mg"": 73, ""display_name"": ""Peanut Butter"", ""max_servings"": 4, ""min_servings"": 2, ""serving_size"": ""1 tbsp"", ""digestion_speed"": ""slow"", ""default_servings"": 2}]",60.2,18.2,17.9,608.0,0.0,463,unvalidated,true,38,2026-02-13 14:05:20.766793 +00:00,2026-02-20 17:11:55.441640 +00:00,"{keto,low_carb,paleo}","{bagel,peanut_butter}"
e8b6fcd0-718b-4291-812e-f5e01b3ae20b,Rice + Banana (Allen Lim style),rice_banana_allen_lim_style,before,30-90 min,30,90,snack,Rice-Based,fast,{},Cycling staple from Skratch Labs. Can shape into portable cakes.,"[{""fat_g"": 0.4, ""carbs_g"": 45, ""food_id"": ""12a8462a-d407-4cd9-803f-dd79f9e1825d"", ""calories"": 206, ""fluid_ml"": 125, ""allergens"": [], ""food_name"": ""white_rice"", ""protein_g"": 4.3, ""sodium_mg"": 2, ""display_name"": ""White Rice (cooked)"", ""max_servings"": 4, ""min_servings"": 0.5, ""serving_size"": ""1 cup"", ""digestion_speed"": ""medium"", ""default_servings"": 1}, {""fat_g"": 0.4, ""carbs_g"": 27, ""food_id"": ""2a376d78-d356-45cc-8619-910d0fe7e02f"", ""calories"": 105, ""fluid_ml"": 88, ""allergens"": [], ""food_name"": ""banana"", ""protein_g"": 1.3, ""sodium_mg"": 1, ""display_name"": ""Banana"", ""max_servings"": 3, ""min_servings"": 0.5, ""serving_size"": ""1 medium"", ""digestion_speed"": ""fast"", ""default_servings"": 1}, {""fat_g"": 0, ""carbs_g"": 0, ""food_id"": ""fc45bd47-7151-4dcd-8ee5-b6a1aed2ed51"", ""calories"": 0, ""fluid_ml"": 0, ""allergens"": [], ""food_name"": ""salt"", ""protein_g"": 0, ""sodium_mg"": 581, ""display_name"": ""Salt"", ""max_servings"": 1, ""min_servings"": 0.1, ""serving_size"": ""¼ tsp"", ""digestion_speed"": ""fast"", ""default_servings"": 0.25}]",72.0,5.6,0.8,148.3,213.0,311,unvalidated,true,83,2026-02-13 14:05:20.766793 +00:00,2026-02-20 17:11:55.441640 +00:00,"{keto,low_carb}","{white_rice,banana,salt}"
f0ea64fc-8a68-4002-8101-3f56f61f11d5,Bagel + Cream Cheese,bagel_cream_cheese,before,1.5-3 hours,90,180,full_meal,Bagel,medium,"{dairy,gluten}",Dense carb base (~50g carbs from bagel alone). Plain or everything.,"[{""fat_g"": 1.5, ""carbs_g"": 53, ""food_id"": ""09deaae5-a7da-484c-87fe-55f387d619c6"", ""calories"": 275, ""fluid_ml"": 0, ""allergens"": [""gluten""], ""food_name"": ""bagel"", ""protein_g"": 11, ""sodium_mg"": 462, ""display_name"": ""Bagel (large)"", ""max_servings"": 2, ""min_servings"": 0.5, ""serving_size"": ""1 large"", ""digestion_speed"": ""medium"", ""default_servings"": 1}, {""fat_g"": 5.1, ""carbs_g"": 0.8, ""food_id"": ""e8678771-683b-4477-8d4d-012ed33554cd"", ""calories"": 51, ""fluid_ml"": 0, ""allergens"": [""dairy""], ""food_name"": ""cream_cheese"", ""protein_g"": 0.9, ""sodium_mg"": 47, ""display_name"": ""Cream Cheese"", ""max_servings"": 4, ""min_servings"": 2, ""serving_size"": ""1 tbsp"", ""digestion_speed"": ""slow"", ""default_servings"": 2}]",54.6,12.8,11.7,556.0,0.0,377,unvalidated,true,29,2026-02-13 14:05:20.766793 +00:00,2026-02-20 17:11:55.441640 +00:00,"{keto,low_carb,paleo,vegan}","{bagel,cream_cheese}"
f31b7d4c-2588-4051-8fb3-fc25fb47f481,Cereal + Milk,cereal_milk,before,1.5-3 hours,90,180,full_meal,Cereal,medium,"{dairy,gluten}","Choose low-fiber cereal (Rice Chex, Cheerios, corn flakes). Avoid bran/muesli.","[{""fat_g"": 0, ""carbs_g"": 24, ""food_id"": ""0f611e49-da7a-4e97-880f-bdf7ab3d09ef"", ""calories"": 100, ""fluid_ml"": 0, ""allergens"": [""gluten""], ""food_name"": ""cereal"", ""protein_g"": 2, ""sodium_mg"": 200, ""display_name"": ""Cereal (low-fiber type)"", ""max_servings"": 2, ""min_servings"": 0.5, ""serving_size"": ""1 cup"", ""digestion_speed"": ""fast"", ""default_servings"": 1}]",24.0,2.0,0.0,200.0,0.0,100,unvalidated,true,78,2026-02-13 14:05:20.766793 +00:00,2026-02-20 17:11:55.441640 +00:00,"{keto,low_carb,paleo,vegan}",{cereal}
b1fd9835-6e72-4644-80a5-a2e6eeaec924,Oatmeal + Protein Powder + Banana,oatmeal_protein_powder_banana,before,3-4 hours,180,240,full_meal,Oatmeal,slow,"{dairy,gluten}",High protein. Needs 3-4 hours. Check protein powder allergens.,"[{""fat_g"": 2.5, ""carbs_g"": 27, ""food_id"": ""b954fa74-4de5-4e76-8ab5-966a1b92d1cb"", ""calories"": 150, ""fluid_ml"": 200, ""allergens"": [], ""food_name"": ""oats_dry"", ""protein_g"": 5, ""sodium_mg"": 0, ""display_name"": ""Oatmeal (½ cup dry)"", ""max_servings"": 4, ""min_servings"": 0.5, ""serving_size"": ""½ cup dry (~40g)"", ""digestion_speed"": ""medium"", ""default_servings"": 1}, {""fat_g"": 1, ""carbs_g"": 3, ""food_id"": ""a036d9e4-6d90-4c9e-89ea-7b810831387f"", ""calories"": 120, ""fluid_ml"": 0, ""allergens"": [""dairy""], ""food_name"": ""protein_powder"", ""protein_g"": 24, ""sodium_mg"": 130, ""display_name"": ""Protein Powder (whey)"", ""max_servings"": 2, ""min_servings"": 0.5, ""serving_size"": ""1 scoop"", ""digestion_speed"": ""medium"", ""default_servings"": 1}, {""fat_g"": 0.4, ""carbs_g"": 27, ""food_id"": ""2a376d78-d356-45cc-8619-910d0fe7e02f"", ""calories"": 105, ""fluid_ml"": 88, ""allergens"": [], ""food_name"": ""banana"", ""protein_g"": 1.3, ""sodium_mg"": 1, ""display_name"": ""Banana"", ""max_servings"": 3, ""min_servings"": 0.5, ""serving_size"": ""1 medium"", ""digestion_speed"": ""fast"", ""default_servings"": 1}]",57.0,30.3,3.9,131.0,288.0,375,unvalidated,true,70,2026-02-13 14:05:20.766793 +00:00,2026-02-20 17:11:55.441640 +00:00,"{keto,low_carb,paleo,vegan}","{oats_dry,protein_powder,banana}"
dd7385c1-d9c5-4267-80c2-3a8e6bf56a80,Rice + Sweet Potato,rice_sweet_potato,before,1.5-3 hours,90,180,full_meal,Rice-Based,medium,{},Double carb sources. Sweet potato adds potassium + fiber.,"[{""fat_g"": 0.4, ""carbs_g"": 45, ""food_id"": ""12a8462a-d407-4cd9-803f-dd79f9e1825d"", ""calories"": 206, ""fluid_ml"": 125, ""allergens"": [], ""food_name"": ""white_rice"", ""protein_g"": 4.3, ""sodium_mg"": 2, ""display_name"": ""White Rice (cooked)"", ""max_servings"": 4, ""min_servings"": 0.5, ""serving_size"": ""1 cup"", ""digestion_speed"": ""medium"", ""default_servings"": 1}, {""fat_g"": 0.1, ""carbs_g"": 24, ""food_id"": ""a4020770-5940-4461-8d08-8ca865750379"", ""calories"": 103, ""fluid_ml"": 82, ""allergens"": [], ""food_name"": ""sweet_potato"", ""protein_g"": 2.3, ""sodium_mg"": 41, ""display_name"": ""Sweet Potato (baked)"", ""max_servings"": 1, ""min_servings"": 0.25, ""serving_size"": ""1 medium"", ""digestion_speed"": ""medium"", ""default_servings"": 0.5}]",57.0,5.5,0.5,22.5,166.0,258,unvalidated,true,49,2026-02-13 14:05:20.766793 +00:00,2026-02-20 17:11:55.441640 +00:00,"{keto,low_carb}","{white_rice,sweet_potato}"
f62f4c8c-f025-4b12-8f5a-c608b281a3cc,Yogurt + Granola + Blueberries,yogurt_granola_blueberries,before,1.5-3 hours,90,180,full_meal,Yogurt,medium,"{dairy,gluten}",Classic parfait combo.,"[{""fat_g"": 4.7, ""carbs_g"": 17.4, ""food_id"": ""67f7093b-b0ff-4faa-81c5-d474c52818a2"", ""calories"": 149, ""fluid_ml"": 200, ""allergens"": [""dairy""], ""food_name"": ""yogurt"", ""protein_g"": 8.5, ""sodium_mg"": 172, ""display_name"": ""Yogurt (plain)"", ""max_servings"": 2, ""min_servings"": 0.5, ""serving_size"": ""1 cup"", ""digestion_speed"": ""medium"", ""default_servings"": 1}, {""fat_g"": 6, ""carbs_g"": 17.5, ""food_id"": ""1c48768d-8775-49c0-8ba1-108129c607f2"", ""calories"": 131, ""fluid_ml"": 0, ""allergens"": [""gluten""], ""food_name"": ""granola"", ""protein_g"": 3, ""sodium_mg"": 7, ""display_name"": ""Granola"", ""max_servings"": 2, ""min_servings"": 1, ""serving_size"": ""¼ cup"", ""digestion_speed"": ""medium"", ""default_servings"": 1}, {""fat_g"": 0.2, ""carbs_g"": 10.7, ""food_id"": ""43b179ca-f1fc-488d-819f-a36b02b00709"", ""calories"": 42, ""fluid_ml"": 62, ""allergens"": [], ""food_name"": ""blueberries"", ""protein_g"": 0.6, ""sodium_mg"": 1, ""display_name"": ""Blueberries"", ""max_servings"": 3, ""min_servings"": 0.5, ""serving_size"": ""½ cup"", ""digestion_speed"": ""fast"", ""default_servings"": 1}]",45.6,12.1,10.9,180.0,262.0,322,unvalidated,true,93,2026-02-13 14:05:20.766793 +00:00,2026-02-20 17:11:55.441640 +00:00,"{keto,low_carb,paleo,vegan}","{yogurt,granola,blueberries}"
fc11095b-1802-4e71-85cf-497e0c0ed610,Cereal + Milk + Banana,cereal_milk_banana,before,1.5-3 hours,90,180,full_meal,Cereal,medium,"{dairy,gluten}",Banana adds ~27g carbs. Total ~70-80g carbs.,"[{""fat_g"": 0, ""carbs_g"": 24, ""food_id"": ""0f611e49-da7a-4e97-880f-bdf7ab3d09ef"", ""calories"": 100, ""fluid_ml"": 0, ""allergens"": [""gluten""], ""food_name"": ""cereal"", ""protein_g"": 2, ""sodium_mg"": 200, ""display_name"": ""Cereal (low-fiber type)"", ""max_servings"": 2, ""min_servings"": 0.5, ""serving_size"": ""1 cup"", ""digestion_speed"": ""fast"", ""default_servings"": 1}, {""fat_g"": 0.4, ""carbs_g"": 27, ""food_id"": ""2a376d78-d356-45cc-8619-910d0fe7e02f"", ""calories"": 105, ""fluid_ml"": 88, ""allergens"": [], ""food_name"": ""banana"", ""protein_g"": 1.3, ""sodium_mg"": 1, ""display_name"": ""Banana"", ""max_servings"": 3, ""min_servings"": 0.5, ""serving_size"": ""1 medium"", ""digestion_speed"": ""fast"", ""default_servings"": 1}]",51.0,3.3,0.4,201.0,88.0,205,unvalidated,true,116,2026-02-13 14:05:20.766793 +00:00,2026-02-20 17:11:55.441640 +00:00,"{keto,low_carb,paleo,vegan}","{cereal,banana}"
fc77170a-9564-457a-8e6e-54236d086b2e,Orange Slices + Salt,orange_slices_salt,before,< 30 min,0,30,top_up,Fruit-Forward,fast,{},Halftime/transition classic. Vitamin C + sodium.,"[{""fat_g"": 0.2, ""carbs_g"": 15.4, ""food_id"": ""2e65452b-c912-418d-889a-ea5020624160"", ""calories"": 62, ""fluid_ml"": 113, ""allergens"": [], ""food_name"": ""orange"", ""protein_g"": 1.2, ""sodium_mg"": 0, ""display_name"": ""Orange"", ""max_servings"": 2, ""min_servings"": 0.5, ""serving_size"": ""1 medium"", ""digestion_speed"": ""fast"", ""default_servings"": 1}, {""fat_g"": 0, ""carbs_g"": 0, ""food_id"": ""fc45bd47-7151-4dcd-8ee5-b6a1aed2ed51"", ""calories"": 0, ""fluid_ml"": 0, ""allergens"": [], ""food_name"": ""salt"", ""protein_g"": 0, ""sodium_mg"": 581, ""display_name"": ""Salt"", ""max_servings"": 1, ""min_servings"": 0.1, ""serving_size"": ""¼ tsp"", ""digestion_speed"": ""fast"", ""default_servings"": 0.25}]",15.4,1.2,0.2,145.3,113.0,62,unvalidated,true,64,2026-02-13 14:05:20.766793 +00:00,2026-02-20 17:11:55.441640 +00:00,{},"{orange,salt}"
fcb074e7-9a5a-44b9-899f-d223067c8929,PB&J Sandwich,pb_j_sandwich,before,1.5-3 hours,90,180,full_meal,Sandwich / Wrap,medium,"{gluten,peanuts}",The gold standard. Portable. No refrigeration needed.,"[{""fat_g"": 0.8, ""carbs_g"": 12.7, ""food_id"": ""652dd5d5-ad51-42d5-83cc-5ae4b709e77e"", ""calories"": 66, ""fluid_ml"": 0, ""allergens"": [""gluten""], ""food_name"": ""white_bread"", ""protein_g"": 1.8, ""sodium_mg"": 130, ""display_name"": ""Bread / Toast"", ""max_servings"": 4, ""min_servings"": 2, ""serving_size"": ""1 slice"", ""digestion_speed"": ""fast"", ""default_servings"": 2}, {""fat_g"": 8.2, ""carbs_g"": 3.6, ""food_id"": ""ca3ef4be-a5a4-4e39-84cb-48a15ddfe413"", ""calories"": 94, ""fluid_ml"": 0, ""allergens"": [""peanuts""], ""food_name"": ""peanut_butter"", ""protein_g"": 3.6, ""sodium_mg"": 73, ""display_name"": ""Peanut Butter"", ""max_servings"": 4, ""min_servings"": 2, ""serving_size"": ""1 tbsp"", ""digestion_speed"": ""slow"", ""default_servings"": 2}, {""fat_g"": 0, ""carbs_g"": 13.8, ""food_id"": ""37b98830-2d22-402f-8254-6cdfc579c89d"", ""calories"": 56, ""fluid_ml"": 6, ""allergens"": [], ""food_name"": ""jam"", ""protein_g"": 0.1, ""sodium_mg"": 6, ""display_name"": ""Jam / Jelly"", ""max_servings"": 2, ""min_servings"": 1, ""serving_size"": ""1 tbsp"", ""digestion_speed"": ""fast"", ""default_servings"": 1}]",46.4,10.9,18.0,412.0,6.0,376,unvalidated,true,114,2026-02-13 14:05:20.766793 +00:00,2026-02-20 17:11:55.441640 +00:00,"{keto,low_carb,paleo}","{white_bread,peanut_butter,jam}"
ffe99e79-e313-4f0a-88a6-4eb9166e3aae,Oatmeal + Mixed Berries + Honey,oatmeal_mixed_berries_honey,before,1.5-3 hours,90,180,full_meal,Oatmeal,medium,{gluten},Versatile — use whatever berries are available.,"[{""fat_g"": 2.5, ""carbs_g"": 27, ""food_id"": ""b954fa74-4de5-4e76-8ab5-966a1b92d1cb"", ""calories"": 150, ""fluid_ml"": 200, ""allergens"": [], ""food_name"": ""oats_dry"", ""protein_g"": 5, ""sodium_mg"": 0, ""display_name"": ""Oatmeal (½ cup dry)"", ""max_servings"": 4, ""min_servings"": 0.5, ""serving_size"": ""½ cup dry (~40g)"", ""digestion_speed"": ""medium"", ""default_servings"": 1}, {""fat_g"": 0.3, ""carbs_g"": 8.5, ""food_id"": ""05f6647c-646d-434a-8223-67bd51de9b2e"", ""calories"": 35, ""fluid_ml"": 60, ""allergens"": [], ""food_name"": ""mixed_berries"", ""protein_g"": 0.5, ""sodium_mg"": 1, ""display_name"": ""Mixed Berries"", ""max_servings"": 3, ""min_servings"": 0.5, ""serving_size"": ""½ cup"", ""digestion_speed"": ""fast"", ""default_servings"": 1}, {""fat_g"": 0, ""carbs_g"": 17.3, ""food_id"": ""6e86dd85-506c-4157-84a8-4e44b5eeb4d4"", ""calories"": 64, ""fluid_ml"": 4, ""allergens"": [], ""food_name"": ""honey"", ""protein_g"": 0.1, ""sodium_mg"": 1, ""display_name"": ""Honey"", ""max_servings"": 4, ""min_servings"": 1, ""serving_size"": ""1 tbsp"", ""digestion_speed"": ""fast"", ""default_servings"": 1}]",52.8,5.6,2.8,2.0,264.0,249,unvalidated,true,113,2026-02-13 14:05:20.766793 +00:00,2026-02-20 17:11:55.441640 +00:00,"{keto,low_carb}","{oats_dry,mixed_berries,honey}"
29c254c8-1492-4c36-8002-f9c10ace8cf2,Oatmeal + Maple Syrup,oatmeal_maple_syrup,before,1.5-3 hours,90,180,full_meal,Oatmeal,medium,{gluten},Simple. Maple syrup interchangeable with honey.,"[{""fat_g"": 2.5, ""carbs_g"": 27, ""food_id"": ""b954fa74-4de5-4e76-8ab5-966a1b92d1cb"", ""calories"": 150, ""fluid_ml"": 200, ""allergens"": [], ""food_name"": ""oats_dry"", ""protein_g"": 5, ""sodium_mg"": 0, ""display_name"": ""Oatmeal (½ cup dry)"", ""max_servings"": 4, ""min_servings"": 0.5, ""serving_size"": ""½ cup dry (~40g)"", ""digestion_speed"": ""medium"", ""default_servings"": 1}, {""fat_g"": 0, ""carbs_g"": 13.4, ""food_id"": ""12c892e0-f6e8-47d3-83b4-32e89b7da4c2"", ""calories"": 52, ""fluid_ml"": 5, ""allergens"": [], ""food_name"": ""maple_syrup"", ""protein_g"": 0, ""sodium_mg"": 2, ""display_name"": ""Maple Syrup"", ""max_servings"": 4, ""min_servings"": 1, ""serving_size"": ""1 tbsp"", ""digestion_speed"": ""fast"", ""default_servings"": 1}]",40.4,5.0,2.5,2.0,205.0,202,unvalidated,true,120,2026-02-13 14:05:20.766793 +00:00,2026-02-20 17:11:55.441640 +00:00,"{keto,low_carb}","{oats_dry,maple_syrup}"
2acc4547-98d9-4765-8978-d974d89ac1d9,Toast + Cream Cheese + Jam,toast_cream_cheese_jam,before,1.5-3 hours,90,180,full_meal,Toast / Bread,medium,"{dairy,gluten}",Richer option. Cream cheese adds some protein and fat.,"[{""fat_g"": 0.8, ""carbs_g"": 12.7, ""food_id"": ""652dd5d5-ad51-42d5-83cc-5ae4b709e77e"", ""calories"": 66, ""fluid_ml"": 0, ""allergens"": [""gluten""], ""food_name"": ""white_bread"", ""protein_g"": 1.8, ""sodium_mg"": 130, ""display_name"": ""Bread / Toast"", ""max_servings"": 2, ""min_servings"": 1, ""serving_size"": ""1 slice"", ""digestion_speed"": ""fast"", ""default_servings"": 1}, {""fat_g"": 5.1, ""carbs_g"": 0.8, ""food_id"": ""e8678771-683b-4477-8d4d-012ed33554cd"", ""calories"": 51, ""fluid_ml"": 0, ""allergens"": [""dairy""], ""food_name"": ""cream_cheese"", ""protein_g"": 0.9, ""sodium_mg"": 47, ""display_name"": ""Cream Cheese"", ""max_servings"": 2, ""min_servings"": 1, ""serving_size"": ""1 tbsp"", ""digestion_speed"": ""slow"", ""default_servings"": 1}, {""fat_g"": 0, ""carbs_g"": 13.8, ""food_id"": ""37b98830-2d22-402f-8254-6cdfc579c89d"", ""calories"": 56, ""fluid_ml"": 6, ""allergens"": [], ""food_name"": ""jam"", ""protein_g"": 0.1, ""sodium_mg"": 6, ""display_name"": ""Jam / Jelly"", ""max_servings"": 2, ""min_servings"": 1, ""serving_size"": ""1 tbsp"", ""digestion_speed"": ""fast"", ""default_servings"": 1}]",27.3,2.8,5.9,183.0,6.0,173,unvalidated,true,122,2026-02-13 14:05:20.766793 +00:00,2026-02-20 17:11:55.441640 +00:00,"{keto,low_carb,paleo,vegan}","{white_bread,cream_cheese,jam}"
